:020000041000EA
:1000000000B5324B212058609868022188439860DF
:10001000D860186158612E4B002199600221596106
:100020000121F02299502B49196001219960352056
:1000300000F044F80222904214D00621196600F024
:1000400034F8196E01211966002018661A6600F04E
:100050002CF8196E196E196E052000F02FF8012189
:100060000842F9D1002199601B49196000215960AB
:100070001A491B48016001219960EB211966A021F2
:10008000196600F012F800219960164914480160C1
:100090000121996001BC002800D000471248134993
:1000A000086003C880F30888084703B5996A0420EC
:1000B0000142FBD001200142F8D103BD02B5186610
:1000C0001866FFF7F2FF186E186E02BD00000240BE
:1000D000000000180000070000035F00212200005C
:1000E000F4000018222000A00001001008ED00E03C
:1000F00000000000000000000000000074B24E7A12
:1001000000200420F7010010CB010010CD010010E9
:10011000C9010010C9010010C9010010C901001077
:10012000C9010010C9010010C9010010CF01001061
:10013000C9010010C9010010D1010010D301001045
:10014000C1010010C1010010C1010010C101001067
:10015000C1010010C1010010C1010010C101001057
:10016000C1010010C1010010C1010010C101001047
:10017000C1010010C1010010C1010010C101001037
:10018000C1010010C1010010C1010010C101001027
:10019000C1010010C1010010C1010010C101001017
:1001A000C1010010C1010010C1010010C101001007
:1001B000C1010010C1010010C1010010C1010010F7
:1001C000EFF30580103800BE00BE00BE00BE00BECA
:1001D00000BE00BEF2EB88718CF10010ACF1001093
:1001E0003802001090A31AE71E481F49086006C88D
:1001F00081F3088810471D480068002801D019487D
:10020000F3E70DA40ECC002902D000F012F8F9E7B4
:100210001749184A002000E001C19142FCD116495B
:100220008847164988471649884700BEFDE701C937
:1002300001C29A42FBD37047ACF10010C00000200D
:10024000501F00203C10011000000420000004207A
:100250003C100110001004200010042000000000D9
:10026000704700000000000008ED00E0000000D032
:10027000501F0020A02F0020A13D001021030010DE
:10028000993D0010F8B5C0460448054B10B58342AF
:1002900003D0044B002B00D0984710BD501F002006
:1002A000501F00200000000006480749091A8B1063
:1002B000C90FC91810B5491003D0044B002B00D04A
:1002C000984710BD501F0020501F00200000000064
:1002D00010B5074C2378002B09D1FFF7D5FF054B4C
:1002E000002B02D0044800E000BF0123237010BDA2
:1002F000D82200200000000094E10010054B10B54A
:10030000002B03D00449054800E000BFFFF7CCFFF5
:1003100010BDC04600000000DC22002094E1001067
:1003200030B5264CA54403F07DFE254800F048FF7B
:10033000244803F0C7FE244C012221009AA80AF0A9
:10034000C9FF011E06D0214803F046FF204803F0F4
:10035000B9FEFEE71F4803F0B5FE0A221E4902A8B7
:100360000BF09CF8051E09D001001C4803F034FF77
:100370000022210010000AF0ADFFFEE7184803F04C
:10038000A1FE18491A2201AB02A801950BF090FCBE
:10039000011E0FD10199144803F01EFF02A80BF0B3
:1003A0007DFF0022210010000AF094FF0F4803F0A7
:1003B00089FEFEE70E4803F00FFFEFE72CFBFFFF7F
:1003C000B80B000098E10010BCE10010C0E1001083
:1003D000E0E1001020E2001034E2001040E20010E2
:1003E00060E2001080E20010BCE20010D8E20010D1
:1003F0009CE20010012070470023002800D1014B2F
:1004000018007047F01500200120704700230028D5
:1004100000D1014B180070473813002010B540245C
:10042000084A83009A181268C0005440C022224033
:10043000054CA44663441A60044B9C4660444160EA
:1004400010BDC04604C0014004D00140004001403E
:100450000B4B80009C46604400290ED100230431E0
:10046000002A00D1190080220368520159409446A5
:100470000C2360440B40036070470C210823EFE716
:1004800004C00140064B8000C3181B680901594095
:1004900030231940034B9C46604401607047C046BE
:1004A00004C0014004D001400123D02283404021F8
:1004B000120693629361094A83009A181268C00079
:1004C0005140C0220A4006498C4663441A60054BDD
:1004D0009C460523604443607047C04604C0014009
:1004E00004D00140004001408023DB051868000F64
:1004F0007047C0460FB400B5084883B003F0E2FD72
:10050000049B002B07D005A91800019103F010FCF3
:10051000034803F0D7FD012003F022FC18E300108C
:100520005CE2001070B5EFF3108C72B60D4D2B68C5
:10053000002BFCD0BFF35F8F0724CB08C618C05C2C
:1005400001230C40A3401C000440034207D1034395
:100550003370BFF35F8F2C608CF3108870BD100078
:10056000FFF7C8FF2C0100D0F8B54746CE468846B5
:1005700080B5EFF3108C72B6214D2C68002CFCD0A6
:10058000BFF35F8F9A422CD8D4080727055D061960
:1005900001241740BC402C421FD007210127894667
:1005A00009E0D408055D06194C4639001440A14005
:1005B0000C00294211D001329342F2D20120404274
:1005C000BFF35F8F00220E4B1A608CF31088002857
:1005D0000FDBC0BCB946B046F8BD2C4310003470E8
:1005E000EEE7BFF35F8F00232B608CF310880120B0
:1005F00040424346002BECD00898FFF77BFFC046F3
:100600002C0100D0044A1078431CDBB2172B00D910
:10061000102313707047C0463416002000B5054BF8
:1006200083B00100009318221F230348FFF79CFFAB
:1006300003B000BD28E30010D42A00200021044BA1
:10064000044ABFF35F8F02C39342FAD17047C0469A
:10065000000100D0800100D0054B064A1360064A15
:10066000136053609360D36013615361936170476B
:100670008080808000E400E004E400E01F23184054
:100680001E3B8340002905D0C021044A4900535035
:1006900013607047802201498B50FAE700E100E0C7
:1006A00001228240034B1B6813405A1E9341D8B26B
:1006B0007047C04600E100E001238340014A136017
:1006C0007047C04600E200E0064B10309B68800097
:1006D000C358054A00209B1A2F229A424041C0B2BB
:1006E0007047C04600ED00E03816002070B50D00E0
:1006F000EFF3108672B60F4A1368002BFCD0BFF3DD
:100700005F8F0D4B10309B6884001B590B4A93423E
:1007100003D09D4201D001F035F8074B9B681D5175
:10072000BFF35F8FBFF35F8F0022024B1A6086F327
:10073000108870BD240100D000ED00E0C101001060
:10074000F0B557464E46DE464546E0B585B0060054
:1007500002911700EFF3108B72B6674A1368002BF3
:10076000FCD0BFF35F8F0025644B5D579A46002D88
:1007700000DAA4E06B00624C03935B199B0098467F
:10078000A146C1444B4652469B79103613705D4BCF
:10079000B2009B68019299580B1B2F2B34D95A4BEE
:1007A000994200D0A4E0039B584A9C46584B6544AC
:1007B000AD006353434602336519E418554B0121DC
:1007C000043B1B1B1B055B0D13436B80524BEF71EE
:1007D000AB80FF23AB71029BAB604B460B43190010
:1007E000484B019A9B689950BFF35F8FBFF35F8FAF
:1007F0000022414B1A608BF3108805B0F0BCBB4659
:10080000B246A946A046F0BD01200A008243D37932
:10081000BB422FD845464E46130040491B1B5B4147
:100820005943090D3A4B63533A4B02356519043B62
:100830005B1B1B05354D5B0D2B4373800426B446B3
:10084000E0444444131F1B1B4C46A17102991B0535
:10085000A16049465B0D2B43A380314BE7710143F7
:100860001360BDE75800C01880002018C679BE424A
:100870002BD902000623D356002BF3DA101D824633
:100880002848804604267642B446E14450464E4607
:10089000361A3005400D824656461C48957106436F
:1008A0009680039A944665441D4AAD0064192260FF
:1008B0004246A371029BA280E771A36090E700F01B
:1008C00061FF002553465D5754E7101D824690880E
:1008D0004005001584464046D4446646043020183E
:1008E000301AE0260005400D360230438046C9E745
:1008F00000F048FF57E7C046240100D0992F0020A0
:100900003816002000ED00E0C101001000E0FFFFFC
:1009100000A1FFFF6816002001BDFFFFAAAA00008A
:100920000148804701BD000070B501240443EFF386
:100930000581EFF3108C72B6214A1368002BFCD0AE
:10094000BFF35F8F1F4B05001F4AED1A6D416A43CD
:10095000120D1E4D8900AE6852B27658A6421CD0C8
:100960000621595691421CD012215956914222D04B
:100970001E215956914220D02A21595603249142D2
:1009800010D0134B19781A708171BFF35F8F00225A
:100990000B4B1A608CF3108870BDAB680D4C5C502B
:1009A000EFE700246100091989005B18FF219971A4
:1009B00009499980E5E70124F4E70224F2E7C046FB
:1009C000240100D038160020AAAA000000ED00E0A3
:1009D000992F0020C101001001BDFFFF00B5074B9A
:1009E00083B001000093002205230548FFF7BCFDFA
:1009F000002801DB1F23181A03B000BD44E30010D8
:100A00009D2F002070B504000E001500FFF7FAFDC1
:100A10000100200000F006F8A680E580BFF35F8F9C
:100A200070BDC046024B9C4661448900016070471E
:100A300040000034F8B5134D134E2C00FF27B5428B
:100A40001ED22368002B0FD0FFF7DCFD0100280029
:100A5000FFF7E8FFA780BFF35F8F0834B4420FD2DF
:100A600023682500002BEFD1FFF7CCFD0100280003
:100A7000FFF7D8FF2771BFF35F8F0834B442EFD37D
:100A8000F8BDC046381F0020501F002010B50400DC
:100A9000FFF7B8FD01002000FFF7C4FFFF2323711B
:100AA000BFF35F8F10BDC04610B504000120FFF7F3
:100AB000B5FD044B9C46604480002060BFF35F8F0F
:100AC00010BDC04640000034034B9C466144890081
:100AD0000160BFF35F8F7047400000340A4B196814
:100AE000EFF3108072B60A68002AFCD0BFF35F8F64
:100AF0001B68BFF35F8F00221A6080F3108840BF2D
:100B0000002000217047C0466C2F0020F0B5DE4663
:100B100057464E464546E0B585B0EFF305820323C0
:100B200013409A0011000392B64A5258904601228F
:100B30009A409146B44B1A604B46B44843634346CF
:100B400008229B5E9A46002B3DDA43469B881BB2E7
:100B5000002B00DBA1E043469B79002B00D0F3E0A3
:100B6000434608241C5F002C23DB42465269630085
:100B700094461B19DB0063449C68DD68631C00D14C
:100B80000FE1A248039984466144826A0B69A61A60
:100B90009B1A9E4215D34A46036A1A4211D09B48BB
:100BA00000F0B0FB241A8D41002D02DCC4D1002CD2
:100BB000C2D040BF05B0F0BCBB46B246A946A04675
:100BC000F0BD0C61EBE7424652695B00934653442B
:100BD000DB009B445B469E68DF6800F093FB801B54
:100BE000B9410029B1DB002F00DAE5E05B46884A15
:100BF0001B69934200D1D8E041465A460820085E5E
:100C00005288000410435A465169984704000D0069
:100C100023002B4300D1CFE0002D00DBE8E0361BA2
:100C2000AF4134003D005B469C60DD600021595EB1
:100C3000002900DA89E743465B6922009C462B00C5
:100C400048004018C00060448668C768921BBB41DA
:100C5000002B00DA79E743466646020000940195CE
:100C600019810CE07B00DB19DB00F3180098019977
:100C70009C68DD68001BA941002904DB1A000023E1
:100C8000D75E002FEEDA5B461F8053461380434643
:100C90009B881BB2002B00DA5DE743461A69EFF32D
:100CA000108172B61368002BFCD0BFF35F8F4346F0
:100CB0009B8842461BB29A4601235B42938013698C
:100CC000BFF35F8F00221A6081F310885346002B18
:100CD00000DA40E743465B699C46082343449B4651
:100CE00053465F0043465744FF0008229A5E67441C
:100CF0005E46BC68FD68002A19DB3B000094019544
:100D000067469C4604E01E000023F25E002A0BDBCF
:100D10000098019953009B18DB00FB189C68DD6864
:100D2000001BA9410029EEDA6346BC461F0053466A
:100D3000338000217B5E3A809A46002BD0DA43460E
:100D40009B79002B00D10BE7002342469371434669
:100D500046460821595E08364B1C00D129E7474614
:100D60008C46556902E006004B1C17D04B005B18FF
:100D7000DB00E8180A00E95E43881BB2002BF2DAB8
:100D800001235B42DC178360C4606245ECD0318094
:100D90003B89944603803A814B1CE7D1B8466446B0
:100DA000E1E66B1C00D0ECE6F9E65B465C692000EE
:100DB00023699847002821D15B4642461B8813814E
:100DC0001269EFF3108372B611680029FCD0BFF3EB
:100DD0005F8F4246594652880A80424651465180AA
:100DE0001269BFF35F8F0021116083F31088ACE6B6
:100DF000064800F087FA24184D4114E76568246816
:100E000006E7C046502F00203C70054000400540DA
:100E10000D0B001070B52E4C2569002D04D00A2151
:100E20002C48FFF7FFFD70BD2B4E0321300000F072
:100E30005FFAE660FFF7E6FB284B03229C46D023CF
:100E400022701B061B6801216370254B6044A36060
:100E50000F23800020610220638063694942A180E2
:100E600019800231198647311D83585218315A5260
:100E700075325C3999521832013199521832013168
:100E80009952183201319952083518329D52023167
:100E9000183299521832013199521832013199524F
:100EA00018320131995218320131995218320131F8
:100EB00099520C4B0C49DC6001303562FFF716FC8F
:100EC00001210320FFF7DAFB084B1D60A7E7C046AE
:100ED000801600206C2F00200040054040000034A8
:100EE000FFFF1000502F00200D0B00103860054050
:100EF0000048704780160020F8B51F0008AB1B782B
:100F000004001600002B07D100F004FA32003B0069
:100F1000121A8B41002B4CDB2269EFF3108072B662
:100F20001368002BFCD0BFF35F8F62690223E15E80
:100F300094464B005B18DB006344002901DB1A88F0
:100F400062802269BFF35F8F0025156080F31088EF
:100F5000002930DB069A9E60DF601A61079A5A61A9
:100F60005A8801325204520C161C002A1FD0B0B20B
:100F70000A045E8010432669EFF3108572B632686A
:100F8000002AFCD0BFF35F8FA2881A80A18023695A
:100F9000BFF35F8F00221A6085F31088074923781A
:100FA0008C4601329A40E36863441A60F8BD01261A
:100FB000DDE70020FAE701204042F7E73C2000008F
:100FC00070B5C646010000B50469EFF3108C72B627
:100FD00020680028FCD0BFF35F8F02200D5E4869B7
:100FE0006C0080466419E4004444002D01DB208835
:100FF00048800869BFF35F8F002606608CF3108875
:10100000002D30DBE36063880598013320615B04C9
:1010100006985B0CA26060611A1C002B21D090B274
:101020002B04628018430A69EFF3108672B61368C6
:10103000002BFCD0BFF35F8F8B8823808D800B69E2
:10104000BFF35F8F00221A6086F310880B7801329D
:101050009A40CB6805498C4663441A6040BCB04650
:1010600070BD0122DBE701204042F7E73C20000091
:1010700010B543890A14934233DD53009B1842692B
:10108000DB00944604696344EFF3108C72B6226867
:10109000002AFCD0BFF35F8F5A88090494B2090C70
:1010A0008A4208D00369BFF35F8F00221A608CF375
:1010B0001088002010BD8022120214435C8001239E
:1010C00002698371BFF35F8F002111608CF3108878
:1010D000054902788C469340C2680120624413603F
:1010E000E8E70020E6E7C0463C2000004078704773
:1010F000F0B504000D0006267642F717C6463619ED
:101100006F4100B582B08F4214D811D000F002F9BF
:1011100032003B00121A8B41002B15DC002B44D00F
:101120002000290000F02AF902B080BCB846F0BDCA
:101130008642EBD90026002700F0ECF832003B0095
:10114000121A8B41002BE9DD00F0E4F832003B007D
:10115000121A8B41002B0ADB00230193144B32003F
:10116000009314483B00FFF72BFF0028D8DBB04664
:101170000026BC46104A114F7B6A9C4504D8B96AC8
:101180008845CDD99C45CBD11168EFF3108072B65C
:101190000B68002BFCD0BFF35F8F1368BFF35F8F2A
:1011A0001E6080F3108820BFE6E7002AB8D0CBE7A6
:1011B000DD0A0010801600206C2F00200040054042
:1011C00070B5060000F0A6F8FA2204000D00002316
:1011D00030000021920001F055FA00196941002900
:1011E00002DBFFF785FF70BD012001494042F8E7AF
:1011F000FFFFFF7FF0B5CE46474680B504000D00E7
:1012000083B0EFF30587002F0DD0364A0020536AD4
:101210008B4203D3926A0130A24250D303B0C0BCC8
:10122000B946B046F0BD304B9846DB689946434618
:1012300048461E7800F066F80B0049460200043666
:10124000B600715820008E1A2900801A99418F42E9
:1012500011DC0ED020BF234A0020536AAB42DDD3FD
:10126000926A0130A242D9D2E81A421E9041C0B21D
:10127000D4E78642EED900F04DF822002B00121A76
:101280008B41002B20DB00230193184B220000939D
:1012900040462B00FFF794FE011E15DD114B2E007A
:1012A0005A6A95421CD89B6AA34217D34046FFF75F
:1012B000DFFE0C4A0020536A9E42AFD8D0E7581A8E
:1012C000421E9041C0B2A9E7064A0020536AAB42D1
:1012D000A4D3926A0120A242A0D2C5E79542E5D1EB
:1012E00020BFE3E70040054080160020DD0A001023
:1012F00010B5024A0248FFF715F910BD60E300106F
:10130000D82A00200300416A0A00986A596A8A4272
:10131000FAD17047034B596A0A00986A596A914298
:10132000FAD170470040054070B504000D00124A24
:10133000536A1900966A536A8B42FAD13000190039
:1013400024184D41AB4211D80ED02B000A494A6AED
:101350009A42FCD307D1084A02E0516A994202D16D
:10136000916AA142F9D370BDA642EED901230124AE
:101370006442E5175B42E9E700400540064A536ACC
:101380009942FCD807D1044B02E05A6A914202D13B
:101390009A6A8242F9D3704700400540F8B5DE46AC
:1013A0004E4657464546E0B58B4605000A9918005B
:1013B000160000F045FB0A9B6C001F02324B6419BB
:1013C0009C46A4006444636881469F4200D96760DC
:1013D0002B1FDBB29846012B30D9C02380229B0102
:1013E000E31812011A60294BAD0059599A46002999
:1013F0001BD1226876017240E026802316404246C7
:101400005B01E3181E60012A30D9802380229B01F2
:10141000E31812011A6053464A4667605A51F0BCFD
:10142000BB46B246A946A046F8BD586900F008FB85
:10143000431C5800C0180338FDD2DAE75B46012B85
:10144000CBD1C02303229B01E3181A60023AA368A0
:101450001A42FCD0E0232268760156401E408023C9
:101460000A4A5B019246E3181E60AD005A462168A5
:10147000514003220A401A6001225B469A40A36849
:101480001A42FCD0C1E7C04600800040DC2A0020A0
:10149000F0B546464F46D646C0B51F00344B440013
:1014A0009C462418A4006444636888461600FF2BF9
:1014B00002D880235B006360031FDBB29A46012BD6
:1014C00030D9C02380229B01E31812011A60294BF6
:1014D00085005959994600291BD12268760172402E
:1014E000E0268023164052465B01E3181E60012A65
:1014F00030D9802380229B01E31812011A608023D7
:101500005B0063604B465F51E0BCBA46B146A846FB
:10151000F0BD586900F094FA431C5800C018033815
:10152000FDD2DAE74346012BCBD1C02303229B0136
:10153000E3181A60023AA3681A42FCD0E02322683A
:10154000760156401E4080230A4A5B019146E3180B
:101550001E60850042462168514003220A401A60FD
:10156000012342469340A2681342FCD0C1E7C04623
:1015700000800040DC2A0020014B8000C0587047EA
:10158000DC2A0020F8B5040020481D0017000E00DA
:1015900000F056FA0100380000F052FA069B2904C8
:1015A0001B0319432368002B1EDB194B194DE2184E
:1015B00053425A4180235B019C461203164B6244FE
:1015C0001A60164B1A6017002B689F43FBD1144B0F
:1015D0002660E2182123A06013602368002BFCDA48
:1015E0000823E1601360F8BD3F2322681340B34233
:1015F000DBD1A3681B051B0D8342D6D1EE22E36825
:10160000D20213408B42D0D1EDE7C046001BB70099
:101610000040FDBF08C0004000E0004000F0004076
:101620000430000010B5140080221B4BD2051A6054
:1016300000281AD00123194A1843194BDA61194AB4
:1016400042401A62596298628022134BD2051A6096
:101650001549164A1160E022D2041A60002C07D105
:101660008022134B12061A6010BD0D4BD861EBE7B8
:1016700063011B1B9A008023121912015B049A421A
:1016800000D30C4A0C4B1A60054B5A608022084B61
:10169000D2051A60E8E7C04600B00540D3C007B0E5
:1016A000008005402D3FF84FFCFF0100082001405D
:1016B00000A00540FFFFFF00402F00208023024ACA
:1016C0009B000B43D362704700800540142310B584
:1016D0000100188804331B88984710BD162310B5E5
:1016E0000100188802331B88984710BDF8B547469B
:1016F000CE4680B50F1E19D014239946043304003A
:101700000025012698464B461888434621681B88C9
:10171000984701C4431E9841013540420640AF42FC
:10172000F1D13000C0BCB946B046F8BD0126F8E79B
:10173000142370B50400188804331B880D00054974
:10174000984703000020002C01DB0130A040290055
:101750009847C04655420000AA23064A1B01136061
:101760008D235B00D3600449044B19605368002B40
:10177000FCDA70470040024000B0FA00006002400E
:101780007047C04610B50148FEF7B4FE84E3001070
:1017900070B5074D074EB54209D20024013E761BB5
:1017A000B60808CD984723000134B342F9D170BD83
:1017B00050E100108CE10010054B064A06491A6002
:1017C000064A074B1A6010000B689843FBD170471C
:1017D00000E00040BFCDFBFE08C00040FE7F3C00A3
:1017E00000F00040044BDB6C002B03D18022034B44
:1017F000D2021A607047C046000011504C201150B0
:10180000044A054B1A60054A1368DB018033FBD19B
:101810007047C046FFFFFF0100F0004008C00040D5
:101820004022034B9A675A671A67DA667047C046C8
:1018300000F0014010B5FEF701FF10BDF8B52D49CD
:101840002D4C2E4D641AA6103200302E00D93022B5
:101850002800920000F09CFFBC2C41D80123711C91
:1018600008009C46264A30293DD92F272C196407A9
:10187000E30FBF1B052F19D9302917D8002B36D0FD
:10188000B1006A506146CC1AF3189B006108EB184E
:10189000C900C9181A605A6008338B42FAD1012373
:1018A0002100994346188C421AD0711CB300EA50AB
:1018B000302915D089006A50B31C2E2E10D09B0001
:1018C000EA50F31C2D2E0BD09B00EA50331D2C2E1A
:1018D00006D09B00EA50731D2B2E01D09B00EA50CE
:1018E000084B9D60F8BD2F339B1B9C46BDE7300025
:1018F000C8E7C04600010010C00100100000002031
:10190000C101001000ED00E0002310B5294C82B0A9
:10191000A367FFF721FF0122274B1A60636C012B9D
:10192000FCD10322254B1A60224A936B012BFCD178
:10193000013300930121224A22480433FFF722FE9B
:10194000052301210093204A2048FFF71BFE0022B7
:10195000022104201E4BFFF79BFD002201210520E0
:101960001C4BFFF795FD0022002107201A4BFFF7C3
:101970008FFD002200210820174BFFF789FD8023EF
:10198000DB000093002200210920134BFFF706FD26
:101990000022104B00210620FFF77AFD0420FFF7FC
:1019A000EBFD0E4900F04CF801000020FFF786FE29
:1019B00002B010BD008000403CB0004030B000409C
:1019C000002F685900800240008C864700C002400A
:1019D000001BB70040597307006CDC0240420F0047
:1019E00001480421014B1847A0160020ED160010F5
:1019F000124A936F9B0815D29066D166002905D0D4
:101A0000FFE7FFE7FFE7516F106F704704B58021D4
:101A10000906C2175140002800D0C8430CF038FB1B
:101A2000002104BDF0B5146E556E576F166FFFF7A9
:101A3000E3FF1466556657671667F0BD000000D0D7
:101A4000114A936F9B0813D210665166002905D086
:101A5000FFE7FFE7FFE7516F106F704704B50028FD
:101A600001D00020C0430CF013FB002104BDC04690
:101A7000F0B5146E556E576F166FFFF7E5FF1466DD
:101A8000556657671667F0BD000000D094464A4A75
:101A9000926F9208624601D228E0C046F0B5464EE9
:101AA000346E756E776F366F00F020F89446424AB8
:101AB00014665566576716676246F0BD94463E4AFF
:101AC000926F9208624601D254E0C046F0B53A4E99
:101AD000346E756E776F366F00F04CF89446364A68
:101AE00014665566576716676246F0BD002B24DB07
:101AF00011D000293EDA00B5C943404200D101317E
:101B000000F038F8C943404200D10131DB43524272
:101B100000D1013300BD002AEBD1002801D10029FA
:101B200005D00020C90FC90701D1C043410800B545
:101B30000CF09EFA0022002300BD00B500290ADB4C
:101B4000DB43524200D1013300F014F8C943404254
:101B500000D1013100BDC943404200D10131DB4316
:101B6000524200D1013300F005F8DB43524200D16C
:101B7000013300BD002923D1002B18D1002A0CD03D
:101B8000BC460D4F38667A6600210023FFE7FFE769
:101B9000FFE77A6F386F67467047002801D0074823
:101BA000010000B50CF064FA0022002300BD020021
:101BB0000B00002000217047000000D0FFFFFFFF56
:101BC000002B00D0BFE0130C28D1002AE7D080B44E
:101BD000114F39667A66FFE7FFE730B4040C7B6F7C
:101BE000396F1B0423433B667A66FFE7FFE7FFE795
:101BF000C04684B27B6F3D6F1B0423433B667A660D
:101C0000FFE7FFE7C04600232C042D0C7A6F386FE6
:101C100000196941B0BC7047000000D0F0B594468F
:101C20000025140E01D112020835140F01D1120142
:101C30000435940F01D192000235D40F01D1520026
:101C40000135D40B0134254F7C66254C3C660E0CC7
:101C500093B2FFE7FFE7FFE73C6F6643360C77037D
:101C6000BE467343DF0B5B04C01AB941130C7343C8
:101C7000DB18C91ACE086643360CB64493B27343D8
:101C80001F0F1B01C01AB941130C73431F0B1B0517
:101C9000C01AB941860D8F023E436643360C092DAA
:101CA00024DB520A7243801A7703460A6643360CD5
:101CB00016235B1BDE40DF40BF1964466643821B70
:101CC0007046043506330100D940A840C01900D33E
:101CD0000131A24206D20023F0BD0000000000D076
:101CE000FFFFFFFF121B0130F3D3F1E709277F1B32
:101CF000FE406446A2B27243801A00D20139220C1F
:101D00007243130C1204821A99410B007046043579
:101D100013370100F940A840801900D30131002B8E
:101D200002D1A2420AD2F0BD013000D30131121B10
:101D3000FAD2013BF8D1A24200D2F0BD013000D36B
:101D40000131121BF7E7F0B51C0C00D080E00CB499
:101D500000251C0A04D11B02160E3343120208355B
:101D60001C0B04D11B01160F3343120104359C0BCD
:101D700004D19B00960F334392000235DC0B02D155
:101D800092185B4101351C00971864410134464F9D
:101D90007C66464C3C660E0CFFE7FFE7FFE7C0465B
:101DA0003C6F6643360C7703BE4697B27743C01B41
:101DB00000D20139C01B00D201399FB27743C91B41
:101DC000C91B170C77437E04FF0B801BB941CE085B
:101DD0006643360C0C2D33DBB644120B1F053A4319
:101DE0001B0B97B27743C01B00D201399FB27743D8
:101DF000C91B170C77433E043F0C801BB941860D6D
:101E00008F023E43664329277F1BFE400C3D7746E9
:101E1000AF40BF1930BCA2B2ABB272437343801A59
:101E20009941220C7243130C1204801A994102004A
:101E30000B000137001BA941F9D2781E0021F0BD2B
:101E40000C277F1BFE4077467F0BAF40FF19E0E772
:101E500000245D1C07D0144F7D663966FFE7FFE75D
:101E6000FFE7FFE73C6F95B29EB265436643401BB8
:101E7000B141150C1E0C6543664336042F0C3E43DE
:101E80002D04401BB141994204D202000B002000F6
:101E90000021F0BD01D19042F7D3801A994101345D
:101EA0009942F2D3F6E70000000000D0FFFFFFFFE9
:101EB00048404140484018B41B4B5B68FC460193C6
:101EC00008BD04DF5721001018B4174B1B68FC46EF
:101ED000019308BD00DF612100109446134A926F00
:101EE000920809D2624618B40F4BDB68FC46019396
:101EF00008BD0CDF192400100C4AF0B5146E556EA5
:101F0000576F166F6246FFF7EEFF084A1466556674
:101F100057671667F0BD18B4034B9B68FC460193E6
:101F200008BD08DFBD220010D8200020000000D02E
:101F3000FFB550404240504059404B40594000E0AE
:101F4000FFB5154F4C00640D03D0BC4204D10C0307
:101F500014D80020090D09055C00640D03D0BC42B3
:101F600004D11C030AD800221B0D1B0501264B407F
:101F700009D44B4003D58B4200D18242FFBD994228
:101F8000FCD19042FFBD0B43DB1803431343F5D054
:101F9000C9434918FFBD0000FF07000000B5FFF767
:101FA000CFFF804100BDC04600B5FFF7C9FF01D992
:101FB000002000BD012000BD00B5FFF7B9FF01D929
:101FC000002000BD012000BD00B5FFF7B1FF80413A
:101FD00000BD012040054A00121804D85A0012180A
:101FE00001D8002070470120704700000021002820
:101FF00005D17047C1174840401AFAD0C90713B538
:10200000064B1B6898470CBC441CA2401005120BE1
:102010000349091B09051943114310BD682F00200E
:102020001F04000010B54C00620D8023D218DB00A5
:10203000D21A5B057E2A10DD9E3A13DACC1709030B
:10204000490819435242D140640001341532202A14
:1020500005DAD0400843604310BD002010BD08469B
:10206000604310BDC80FC018013810BD18B4044B30
:102070005B6AFC46019308BD24DFC92500100000FF
:10208000D8200020132370B51D78012D19D014DD40
:102090001E48FFF723FB06001D48FFF71FFB1D4CE2
:1020A00080223100200000F073FB022D06D01A4878
:1020B000FFF70CFB194B186070BD164C184BA3644E
:1020C000F5E7174B134C23606360A360E360236163
:1020D0006361A361E36123626362A362E3622363DA
:1020E0006363A363E36323646364A364E3642365BA
:1020F0006365A365E36523666366A366E36623679A
:102100006367A367E367A364D1E7C0465344000055
:1021100053460000D82000204C330000682F0020D8
:102120002521001007B5604601880A0A0230DF2A1F
:10213000FAD1C9B2820804D302884088000410434F
:1021400000E00068014A5050039007BDD8200020ED
:102150000FB403BC0CBCF0B50124E407634000E0FD
:10216000F0B50C0DCF0F661E3605891B640503D331
:10217000C943404200D30131640D03D0661CF60A06
:1021800007D0E41B00207F00791C89078912803C5E
:1021900024031D0DDF0F6E1E36059B1B6D0503D33B
:1021A000DB43524200D301336D0D03D06E1CF60A9F
:1021B00007D0ED1B00227F007B1C9B079B12803DFC
:1021C0002D032F1B661B58D4A446202E46DA203739
:1021D0001400BC401D00BD40F24033412A4380182A
:1021E0005941CB0F05D0C943C0430022644250413E
:1021F000514162464D0D28D10D0D07D100281FD049
:10220000241940414941013A0D0DF9D0640006D32B
:10221000013000D30131002C01D140084000013AC7
:102220000BD4941CE40A04D112051144DB071944B1
:10223000F0BDD907204B194300E0D9070020F0BDBD
:102240000029DDD1002CDBD1F0BD0132C6074008EA
:10225000CD0728434908002EE1D0D9E73C2E29DAE2
:10226000203E40371400BC4000D00124F24014430B
:102270001A00BB401C43D317ACE7AC46202F08DA4A
:1022800020360400B4400D00B540F84039412843E1
:10229000A5E73C2F0CDA203F40360400B44000D0C4
:1022A0000124F84004430800B1400C43C117EAE799
:1022B00010001900002494E70000F07FF0B50C0D29
:1022C000661E3605891BE60A6405640D02D0651C8E
:1022D000ED0A04D0002001210905803C2403A44616
:1022E0001C0D671E3F05DB1BE70A6405640D02D069
:1022F000651CED0A04D0002201231B05803C240349
:102300007740644497B484B296B27443070C7E431A
:10231000150C6F4380B26843361802D301200004C5
:102320003F183004350C00197D41844688B29AB2BA
:1023300050430C0C62431F0C7C438EB27E439219B7
:1023400002D301263604A4191604170C3618674167
:1023500001BC81B29AB25143040C62431B0C5C4332
:1023600080B25843121802D301200004241810042C
:10237000130C401863412D185E410020474106BCF4
:1023800088B293B258430C0C6343120C544389B285
:1023900051435B1802D301210904641819041A0C73
:1023A000091862416D1856410020474118BCF902D6
:1023B000720D1143F0026A0D1043ED020A0D03D1B4
:1023C0006D1940414941013B124E9B1B7600B342BF
:1023D0000ED26D0007D301300026714166463543A9
:1023E00001D1400840001B05C918E4072144F0BD95
:1023F0000BDA013306D1013004D101314F0D01D088
:102400004908F2E7E1070020F0BD01363105002060
:10241000EBE70000FF030000F0B51C0D671E3F0551
:10242000DB1BE70A6405640D02D0661CF60A04D0C3
:10243000002201231B05803C2403D0252D06002605
:10244000F6432E661E096E66CE0FF619B446490095
:102450004F0D02D07E1CF60A03D000200021403F21
:102460003F033E1BB600B444013F7F05C91B49082A
:102470002E6F013676089C02950D25437543ED13AA
:102480007543AD1301356D10F603761B0CB4CC0209
:10249000450D2C43A2B2B3B25A43270C7B43350CF3
:1024A0006F43A4B26C431B1902D3012424043F19C7
:1024B0001C041D0CA4187D4124196D41009A91B291
:1024C000ACB26143170C7C432B0C5F4392B25A436E
:1024D000A41802D301221204BF182204230C52189C
:1024E0007B41019C6C431B19520ED9010A434401E4
:1024F000A01A81B2B2B2514303145A43360C73434B
:1025000087B27743D617D21900277E4136049B192C
:102510001704160C7F185E417316ED18F3010026A0
:1025200080337541A90F06D16400690AE8055B0A8A
:10253000184309D22FE00422944480337541A90A3C
:10254000A8059B0A184326D3404149412404009A18
:10255000019B0D005543641B4343E41A95B286B2B8
:102560007543170C7E43030C5F4392B25A43B6186F
:1025700002D301221204BF183204330C52197B41DA
:1025800052429C41002C02D40022013051414008AB
:10259000CA071043490802B06246D7079210084B99
:1025A000D218084B9A4203D212058918C919F0BDF6
:1025B0000020002A01DC3900F0BD01331905F5E7E0
:1025C000FD030000FE070000002200B5203200F0ED
:1025D00004F8080000BD000000220B150AD410B555
:1025E000944600F031F81414013400DA0021CB17BE
:1025F000144C20470020002170476244343A0CD428
:102600000C2A07DA04009140904052422032D44014
:10261000214310BDD843D94310BD203207D40C4606
:102620009440524220321141D040204310BD080056
:10263000C917203203D452422032104110BD180075
:10264000190010BDFB2500100A0DCC0F531E1B05F1
:10265000C91A520503D3C943404200D30131520D78
:1026600003D0531CDB0A07D0121B00206400611C3E
:1026700089078912803A1203014BD21A7047000071
:10268000FF03000051434343C9188C46110C83B229
:102690004B4310B4040C614392B280B25043624386
:1026A0001C041B0C001910BC59411304120CC01857
:1026B0005141614470470000132310B512481C7843
:1026C000FFF70CF80100012C0AD003DD80220F482F
:1026D00000F05EF80E48FEF7F9FF0E4B186010BDD3
:1026E0000A4C5422200000F053F80B4B6365A3659D
:1026F000E36523666366A366E36623676367A36790
:10270000E3672362E361E5E753460000D821002038
:102710004C330000682F00201D27001007B56046CD
:1027200001880A0A0230DF2AFAD1C9B2820804D32A
:10273000028840880004104300E00068014A5050BD
:10274000039007BDD821002010B504000BF0E6F877
:10275000002804D0034B04199C4200D810BD024845
:10276000FDF7C8FE0000042090E3001010B50BF048
:10277000DFF810BD01480421014B1847B0160020B6
:10278000ED160010014B1B6818470000B016002022
:10279000014B5B6818470000B01600207047C04628
:1027A000F8B557464E464546DE46E0B599460A9B83
:1027B00007009A460D9B8846934615000B9E9B0783
:1027C00010D10C9B9E420DD29D1B14000E005D4447
:1027D00022004B46013431002020B847A542F7D1F2
:1027E000B0460B9E002E27D0444675195346AA1BAF
:1027F000013E985D21004B46B847002EF6D12300DC
:102800002C0098460D9B9B070FD55B46E51A0C9B49
:10281000AB420AD94646984622004B46310020205A
:102820000135B8470134A845F6D82000F0BCBB46B6
:10283000B246A946A046F8BD2C00E3E7F0B54F46E6
:102840004646D646C0B584B098460EAB1B78129F5C
:10285000994694460D9C109B119EBA0725D4002ED4
:102860004BD19C4200D3BFE001223A4092461F2C3C
:1028700000D9B8E00C9A551E302201E0202C03D07C
:1028800001342A55A342F9D85246002A0DD0A64257
:102890000BD9202C44D00C9A551E302201E0202C5C
:1028A0003ED001342A55B442F9D1FA064DD57A0505
:1028B0003FD4002C39D10F9B102B00D179E00F9B16
:1028C000022B00D18AE030230C9A012413704B466E
:1028D000002B3FD02D230C9A135501340C9B6246DC
:1028E00000930397434602960194FFF759FF04B003
:1028F000E0BCBA46B146A846F0BD012215003D40F5
:10290000AA463A422FD04A46002A02D10C323A4215
:1029100000D0013E9C42BAD21F2CABD9202E27D921
:102920002024FA06DAD57A0503D4A3422DD0A64294
:102930002BD00F9B102B32D0022B20D0202CCDD0AF
:1029400030220C9B1B191A700134202CC6D04B4628
:10295000002BBFD17B070DD43B07BFD520230C9A9A
:1029600013550134BAE79C429FD21F2C00D881E74F
:1029700020249AE72B230C9A13550134AEE7202C20
:10298000ACD00C9B1B1901343AE0631E012C92D091
:102990000F9A102A2AD0022A2FD01C00D0E7BB069B
:1029A0000ED4202C9AD00C9B1A1901347823137062
:1029B000C4E7BB060DD478230C9A01241370BFE73B
:1029C000202C00D18AE758220C9B1B191A70013465
:1029D000B4E758230C9A01241370B1E70C9A6033C2
:1029E00001241370ACE7202400265EE7023CBA06FF
:1029F000E9D40C9A12191C00D8E70C9A9246534459
:102A000062221A709AE7C04610B5002800D110BDA6
:102A100001F00CFBFBE7C0460B0010B5002802D00C
:102A200049681B68984710BDF0B5DE4657464E46CC
:102A30004546E0B59BB09B46249B89469846259B1E
:102A40000B900C924046424619009A46FFF7C1FA95
:102A5000002800D0D8E0012240465146774B524230
:102A6000FFF7B2FA002800D0CEE0012240465146DE
:102A7000734B5242FFF792FA002800D0C4E00022C4
:102A8000002340465146FFF789FA002800D0B9E1FB
:102A9000424653460A9209938023289ADB001A4043
:102AA0000E92289A1A4201D1062326930A9A099B6C
:102AB0001600134300D0C7E0289B002500261B0505
:102AC00000D49BE100230D93269A0D9B9A4200DCD3
:102AD0009FE1D01A431E26938023289ADB001A43D5
:102AE0000023002728920D93279B0024BB4200D986
:102AF000DC1B0223289A1A400E92289A134203D014
:102B00007B427B415B421C400D9B002B07D00A9807
:102B100009992A003300FFF7E0F90A900991002291
:102B2000002340465146FFF739FA002805D080209F
:102B300000068446099961440991289A414B0B9DEE
:102B400013400493269B0A9A0293099B03940092D4
:102B5000019349465B4628000C9A00F08BF904006B
:102B6000002F62D0289B220098061F23C01798438D
:102B7000631C984649465B466530A8470D9B002577
:102B8000DA179C18DB0F9A465440013F01E0202DD4
:102B900013D00AAA94461F23200063440A2101355A
:102BA0005E19FEF74DFF3031317020000A21FEF72B
:102BB00047FF26000400092EE9D8052306930023C9
:102BC00004930A330393534605970B9F029312AB6A
:102BD000009342465B46494638000195FFF72EFEBA
:102BE0000E9B0400002B20D00C9BC51A279BAB42E8
:102BF0001BD91E0022005B46494620200135B847FC
:102C00000134AE42F6D810E0289B42460493279B3D
:102C100049460393269B0B980293534600920193D7
:102C20005B460C9A00F026F9040020001BB0F0BCB3
:102C3000BB46B246A946A046F0BDC046FFFFEF7FA7
:102C4000FFFFEFFFFFF7FFFF734B099F9C467800E4
:102C5000400D6044FFF7CEF9704A714BFFF75BF906
:102C6000704A714BFFF730F93B03704A1B0B1A4354
:102C700004000D00300011006D4B0022FFF71BF91E
:102C80006C4A6D4BFFF747F902000B00200029004A
:102C9000FFF71AF9FFF7C6F90D90FFF7ABF9674A8E
:102CA000674B04000D00FFF736F90022654BFFF774
:102CB0000BF9FFF7B7F9644A0600644B20002900BE
:102CC000FFF729F9040030000D000F96FFF792F985
:102CD0005F4A604BFFF71FF902000B00200029003C
:102CE000FFF7E9F802000B0006000F00FFF713F9E9
:102CF000320004000D003B0030003900FFF7E4F81B
:102D0000002210901191544B20002900FFF7E5F8A4
:102D10000022524BFFF7D8F802000B0020002900D8
:102D2000FFF7DBF800224E4BFFF7CEF802000B0056
:102D300020002900FFF7D1F80D00802104003200A7
:102D40003B000020C905FFF7B6F802000B00200089
:102D50002900FFF7B9F802000B0010981199FFF74E
:102D6000BCF80022314BFFF7AFF83E4B0F9C9C465E
:102D7000644400222305FFF7CEF805000E00020090
:102D80000B000A980999FFF709F900280AD00D9B52
:102D90002800013B31000D930022304BFFF79DF8D6
:102DA00005000E00C6270D992B0063318F42BF41ED
:102DB00028997F420437090500D495E6334300D1B2
:102DC00082E6099C284A2100284B0A98FFF7F4F86C
:102DD000002808D000222100254B0A98FFF7DEF8D2
:102DE000002800D070E6269B002B00D17CE60E9BCD
:102DF0005A1E9341269AD31A269375E60023042778
:102E00000D9371E643460A9380231B0653440993AE
:102E100042E6002326935FE601FCFFFFFB799F500B
:102E20001344D33FB3C8608B288AC63F0000F03FED
:102E30000000F83F61436F63A787D23F71A3790910
:102E40004F930A400000E03F1655B5BBB16B0240FE
:102E5000EF39FAFE422EE63F00002C4000002440ED
:102E600000001840FF0300002D431CEBE2361A3F20
:102E700080842E41F0B54E46DE4657464546E0B5C5
:102E800097B09946209E219F229B834698460791A2
:102E90000C923B00320030003900FFF79AF800280E
:102EA00000D0A9E1012230003900CA4B5242FFF79D
:102EB00075F8002800D0E1E0012230003900C64B4F
:102EC0005242FFF781F8002800D0B7E0002230001E
:102ED0003900C24BFFF778F8002800D099E00022B3
:102EE00030003900BE4BFFF759F8002800D090E0C1
:102EF0000022002330003900FFF750F8002800D0EE
:102F0000B1E000230D93249B5B0501D40623984672
:102F100008AB9C461722002430234146624404E05B
:102F2000013413550139202C01D00929F8D88846DD
:102F300030003900FFF776F84346DA00A94B050068
:102F40009B181A685B6808920993FFF753F8020010
:102F50000B0030003900FEF7AEFF089A099BFEF720
:102F6000DAFF0A900B91FFF781F88246FFF73EF8EF
:102F700002000B000A980B99FEF79DFF00229A4B66
:102F80000A900B91FFF720F8002800D1C0E0012340
:102F90009C46E2445046FFF729F802000B000898CF
:102FA0000999FFF701F8002802D000239A4601355D
:102FB0004346002B6AD008AB17269C46089566440A
:102FC000554614E001235B4243440A2128009A46F7
:102FD000FEF736FD013430313719397028000A21E7
:102FE000FEF72EFD092D00D8D0E0D0460500202C9C
:102FF000E8D10EAB98460323249A1340012B00D14D
:1030000096E02023249A01930392239A4346029246
:103010001EE0249B58460493239B0096019703933C
:1030200043460C9A029307994B46FFF7FDFC17B0F5
:10303000F0BCBB46B246A946A046F0BD249B5B0748
:103040000ED40322694B2499019203912399029192
:10305000009358464B460C9A0799FFF7A1FBE6E709
:103060000422634BEFE73B00320000200021FEF713
:1030700022FF012306000F000D9344E7249B0393D6
:10308000239B0293042301935A4BE1E72800FEF7A8
:10309000B1FF02000B0030003900FEF70CFF524B6D
:1030A000002206000F00FEF779FF0EAB98460028BD
:1030B0000AD10022300039004B4BFEF785FF002873
:1030C00002D1EB0700D50135202C94D008AA9446F4
:1030D0001723280063440A2101341E19FEF788FCD7
:1030E0003031280031700A21FEF782FC051EEBD139
:1030F0000323249A1340012B1BD0202C00D180E7FE
:103100000D9B002B35D02D224146631C0A5579E7D3
:1031100000220A980B99344BFEF740FF002800D09C
:1031200046E75346002B51D101239C46E2443FE73A
:103130002024239B002BE0D00D9B002B03D1249A4D
:103140000C33134202D0239B013B2393239BA342C6
:10315000D3D908AB9C46172230236244202C00D1DF
:103160004FE72399013413558C42C6D0202CF8D157
:1031700047E7249B5B0724D4249A2300120700D43A
:1031800040E72022414601330A553BE75746089D58
:10319000202C00D12DE7220030214046002F09D0FD
:1031A0000132B154202A00D123E7D3431B191B1845
:1031B000002BF5D10EAB98462E234146541C8B5460
:1031C00082E72B224146631C0A551BE7DB0700D42C
:1031D000EEE6A9E7FFFFEFFFFFFFEF7F65CDCD41F3
:1031E00065CDCDC138E600100000E03F3CE40010A2
:1031F00040E400104CE40010249B0393239B0293B3
:1032000003230193004B23E748E40010F0B5DE46AA
:103210004E4657464546E0B59FB01C00289B914658
:103220000993C94AC94B8B4608901A60002900D1FE
:1032300018E2002320789A46002800D11AE22600DE
:103240001D005C460AE02A006F1C4B46089D2100C9
:10325000A8473D0001363078002870D02528F2D1EB
:1032600010239B46083B9A46043B9846023B0021AC
:103270009C46721C107816000300203BDBB2102B1A
:1032800003D8B34F9B00FB589F460300303B092BEC
:1032900032D900230A932A2868D0002398462E2882
:1032A0003ED00300683BDBB2122B1CD8A94A9B001E
:1032B000D3589F46012301321943DBE763460132AD
:1032C0001943D7E7434601321943D3E75B4601323E
:1032D0001943CFE7534601321943CBE780235B0004
:1032E0007078194301360300253BDBB2532BAAD873
:1032F000994A9B00D3589F4600270300B800C01985
:1033000001364000C018337830381A00303A0700D0
:10331000092AF3D90A901800002398462E28C0D114
:1033200080237078DB0019430300303B721C092BAB
:1033300000D8A1E12A2800D1B2E11600B1E7A346E6
:10334000AA462C00D14503D801235B424B449A4640
:103350004B46524659460020089DA84720001FB002
:10336000F0BCBB46B246A946A046F0BD099B40CB87
:103370000A96002E03DB50780993561C8DE72838F7
:10338000014370420A9009935078561C85E77828CB
:1033900000D1DFE1582800D14CE26F2800D14FE383
:1033A000622801D100F030FC10230A009A430B92EE
:1033B000692801D000F0A9FC0A230C934B0500D525
:1033C000D0E10B9A802311009B0019408B461A42D2
:1033D00000D0A1E2802311005B0019408A461A4206
:1033E00000D0B6E313005B0600D5EDE213000999A7
:1033F0001B0601D400F076FC08C91BB2D8171A18B6
:10340000424092B209919346DA0F1292002B09D1F1
:10341000802310220B99DB000B4091430B91002B72
:1034200000D0E4E20B9A6123920600D541230EA955
:103430001F228C46DBB262440A3B5F461395A346CB
:1034400055460C9CB2460D9316000AE03033DBB2B1
:1034500001357355A74200D2EDE2202D00D1EAE2FA
:10346000070021003800FEF7EBFACBB20929EDD9AD
:103470000D9A94466344DBB2EAE780239B007078A0
:10348000194301362FE77078682800D1CDE18023F9
:103490000136194327E770786C2800D1BFE18023FB
:1034A0005B00194301361EE7462800D19BE1072245
:1034B000099B0491073393430A9A190003924246E9
:1034C00002920CC908980092019309912A004B4678
:1034D0002100FFF7CFFC01360500BCE62A006F1C77
:1034E0004B46089D21002520A84701363D00B2E645
:1034F0008B0700D4ADE1099B2A009A466B1C9846C5
:10350000534601CB21009A46089F4B46C0B2B847AC
:103510000A9B9C466544012B00D886E2089B4746DF
:10352000B04626004C4699463A0023000137310048
:103530002020C847AF42F7D1A14653463400464643
:103540000993013687E6C0460D3200103C2F00205B
:1035500054E4001098E40010E4E40010099B04CB4C
:103560009B4643460992002B00D1C6E013789C4647
:10357000002B00D1BDE34346013B099A0133D0182B
:103580000A9F130001E0834203D05A780133002AD6
:10359000F9D1099A0A979B1A0B9380230A00DB0042
:1035A0001A400C92194204D00B9B434501D9434663
:1035B0000B9302231A000A400D920B4200D187E1BF
:1035C0006046002800D168E10C9B002B00D10DE182
:1035D000A844C246099B57465B1B9846089BB246C7
:1035E0002A0026004C46994609E023003100551C6C
:1035F000C8474346585D002800D126E12A0097427B
:10360000F3D1A1463D00340056460D9B002B00D05F
:1036100043E15B46013609931DE6099B1A0008CA7F
:103620009246002B48D0212211438B460EA8844697
:103630001F216144099500220F27A4460D0002E0D6
:10364000202A0CD00B003C001C4020003730092CF5
:1036500000D807380132A85419090F2BF0D8644656
:10366000099D32E0DC4B2078089300239A4600281D
:1036700000D0E4E5002465E6434606000A9F980072
:10368000C01801324000801916780300300030382D
:10369000303B0928F3D93000984616000A9700E617
:1036A000099B023604CB9046D2434046D2171040C5
:1036B000804609933078F4E51022080090431132D7
:1036C0001043834600224905B0D55B460693082384
:1036D000059343460493102303930023029316ABF0
:1036E000019200932A004B4621000898FFF7A6F8A4
:1036F0005346050001360993ADE513789C46002B2F
:1037000000D1F7E202235B4237E7202302009A430D
:10371000472A04D180231B011943022398434528DB
:1037200001D1202319430722099B049107339343B6
:103730000A9A19000392424602920CC90898009214
:10374000019309912A004B462100FFF76DF90136DC
:10375000050080E510230C930C230A009A430B927A
:103760004B0503D501230B9A9A430B92692800D18C
:1037700027E6642800D124E60B9A802311009B00E1
:1037800019408B461A4200D066E1802311005B008D
:1037900019408A461A4200D039E213005B0600D570
:1037A0003CE113001B0600D4A6E2099B04CB1204E3
:1037B000120C934609935B46002B00D09AE10B9ABA
:1037C0001033110099430B91520500D492E100236C
:1037D0009A460B9B06930A9B0593434604930C9BC6
:1037E000039300230CE12023194360E6099B0A9A06
:1037F0005B1B98464B4691461F00B2462600089C2C
:103800002A003B003100A04743460135585D00289F
:10381000F6D14A463400B94656460A92F5E6C02328
:103820009B00B078194302365DE5C023B078194398
:10383000023658E50C230A009A4314331A43103B0E
:103840000B920C934B058DD496E7A1463400564657
:10385000DBE60A9A012A00D853E26B1E9F18089BE8
:10386000B04626004C4699462A0023000135310017
:103870002020C847BD42F7D1A14634004646099BE7
:103880003A0001CB210098467D1C4B46089FC0B2F0
:10389000B847434601360993DDE40B9B0A9AA846D4
:1038A0009A4200D8B5E694466544ED1A089B47460F
:1038B000B04626004C4699463A00230001373100B5
:1038C0002020C847AF42F7D1A14634004646A0E6C3
:1038D0000B9A0A99531C914200D814E24B199B1A77
:1038E0001F00089BB24626004C4699462A0023003A
:1038F000013531002020C847BD42F7D10A9BA146BF
:1039000001330B93099B34001B7856469C46604656
:10391000002800D058E67CE60722099B0733934332
:10392000013294469C4462465F6809921A68FB170C
:103930001093119310981199030053400E930B00AC
:103940007B400F9394460E9A0F9B121A8B410E9256
:103950000F93FB0F6246129300233A439B463DD0E0
:103960000B9A6123920600D541230022DBB20EA9F7
:103970000A3B8C4692460D9343461F326244139590
:10398000159655460E9E0F9FA24690460C9C14938A
:103990000CE03032D2B2434601355A55BB4500D116
:1039A0008AE1202D00D18AE106000F0022000023C9
:1039B00030003900FEF782F8D2B2092AE9D90D9B0E
:1039C0009C466244D2B2E6E7FF23099904C913403A
:1039D0001A00099117E5C0469D2700100B9A103375
:1039E000110099430B915205BAD500239A460B9BBF
:1039F00006930A9B0593434604930C9B0393129BE7
:103A000002935346019316AB2A00009321004B46C4
:103A10000898FEF713FF013605001CE4FF22099BFE
:103A200002CB11408B460993C5E6534645460993A0
:103A30000136FFF710FC56465C46AA46139DD6E7B2
:103A400008230C930B910B99642800D084E60B9B00
:103A50005B0500D586E6B4E40722099B0733934350
:103A6000013294469C44624609921A685B681000D1
:103A70009B4613005A46134307D10B9A103311008B
:103A800099430B91520500D5A1E60B9A612392064A
:103A900000D541230022DBB20EA90A3B8C46924698
:103AA0000D9343461F3262445F461295A346554626
:103AB0000400B24690460C9E13930DE03032D2B211
:103AC000434601355A550023BB4200D100E1202D69
:103AD00000D100E104000F00320000232000390073
:103AE000FDF7ECFFD2B2092AE8D90D9B9C4662444F
:103AF000D2B2E5E70B9A6123920600D54123DBB2EF
:103B00000EA90A3B1F228C460D93230062445C469B
:103B10001295170055469B46B2460C9E08E030337E
:103B2000DBB201357B55B4420ED3202D0CD00400FE
:103B300031002000FDF784FFCBB20929EFD90D9A9F
:103B400094466344DBB2ECE756465C46AA46129DB7
:103B50003FE6099B1A0008CAD91713925A184A401F
:103B60009246DA0F1292002B08D1802310220B9973
:103B7000DB000B4091430B91002B2BD10B9A61235F
:103B8000920600D541230EAA1F279446DBB20A3BBA
:103B90000D9567445D460993A3465446B2460C9E74
:103BA00008E03033DBB201357B55B4420ED3202D13
:103BB0000CD0040031002000FDF742FFCBB20929F0
:103BC000EFD9099A94466344DBB2ECE756465C466B
:103BD000AB460D9D0B9B2A0006930A9B2100059383
:103BE000434604930C9B08980393129B013602935F
:103BF0005B46019316AB00934B46FEF71FFE139BEB
:103C000005000993FFF727FB02230C931AE7099B92
:103C100004CB92461293002A08D1802310220B99DC
:103C2000DB000B4091430B91002B2BD10B9A6123AE
:103C3000920600D541230EAA1F279446DBB20A3B09
:103C40000D9567445D460993A3465446B2460C9EC3
:103C500008E03033DBB201357B55B4420ED3202D62
:103C60000CD0040031002000FDF7EAFECBB2092998
:103C7000EFD9099A94466344DBB2ECE756465C46BA
:103C8000AB460D9D0B9B2A0006930A9B21000593D2
:103C9000434604930C9B08980393002302935B46CE
:103CA000019316AB00934B46FEF7C8FD129B05002F
:103CB00009930136FFF7CFFAB44200D871E6149B9E
:103CC00054460E960F97AA469846159E139D8EE66B
:103CD000A64200D8FBE6139B56469846AA465C4689
:103CE000129D76E508C9D8171A1842400991FFF7C6
:103CF0008AFB00230B9350E4099B04CB9346099362
:103D000059E52F00BBE50B9301E6063B0C939AE6C1
:103D100000B585B003910121029000930348130080
:103D20004A4202A9FFF772FA05B000BD192A001035
:103D300010B5094A0300146884B0002C08D0012291
:103D400000910648524203A9A047012004B010BDCB
:103D500000F0B8F90020F9E73C2F0020092A0010F4
:103D600000BEFDE7094A03001068002805D0084995
:103D7000C3188B4207D81360704706480449C3181C
:103D800010608B42F7D901204042F5E7382B002024
:103D900000000420A02F002010B5FFF7E1FFC0466F
:103DA00070B5FDF7F5FC074D074EB54209D200246A
:103DB000013E761BB60808CD984723000134B34274
:103DC000F9D170BD8CE1001094E10010030010B532
:103DD000080011001B68984710BDC046F0B5464664
:103DE0004F46D646C0B5437D80460E001700002BD7
:103DF00046D0002A3FDD4B1E9946244B0125002466
:103E000000209A460DE04B461B5D0D3B5A42534144
:103E1000325DDBB20A2A0BD02B00013401359F4200
:103E20001ADD002CEFD14346325D1B7D0A2AF3D107
:103E3000002BF1D1A04204DA4346211A1B68301846
:103E40009847434650461B68022198470134280092
:103E50002B0001359F42E4DC874204DD4346391ADA
:103E60001B6830189847F619013E33780D3B5A42CB
:103E7000534142461375E0BCBA46B146A846F0BD70
:103E80000368110030009847F5E7C04688E6001047
:103E9000F0B5C6460C000968060000B5802906D0BA
:103EA0004B1C23606418267180BCB846F0BD0F4BD4
:103EB0001D68002D16D0231D98460D4F02E02D6978
:103EC000002D0FD02B68002BF9D03B68002B01D0C0
:103ED000AB42F4D1280041462268FFF77FFF2D69ED
:103EE000002DEFD101230021DBE7C0462C2B002061
:103EF000342B0020F0B5DE4657464E464546E0B529
:103F000085B017001C0006000D00FDF703FA002322
:103F1000314A12184B41002B59DB304908008A46C0
:103F20000AF0DEF801906B1C03D130000AF05EF855
:103F30000500002C26D12A4B98462A4B1C68002CE1
:103F400015D0002F21D1284F02E02469002C0ED07B
:103F50002368002BF9D03B68002B01D0A342F4D199
:103F600020002A003100C0472469002CF0D1019BB9
:103F7000002B28D1280005B0F0BCBB46B246A946AC
:103F8000A046F0BD194B9846D7E7174B994602ABB0
:103F9000DF1D0A239B4602E02469002CE7D023683A
:103FA000002BF9D04B461B68002B01D0A342F3D164
:103FB0002A0031002000C0475B4601223900200062
:103FC0003B70C047E8E750460AF04AF8D2E70122C2
:103FD000074B5242A1E7C04640420F00381F002065
:103FE000CD3D00102C2B0020342B0020DD3D001097
:103FF000FFFFFF7F0A4A1368002B05D10CE01A006F
:104000001B691032002B07D09842F8D1002902D149
:1040100003691360016170470029FCD01060FAE762
:104020002C2B002010B500F003FB10BDF0B5CE46E0
:10403000474680B583B06B460600DD1D2870FDF74E
:1040400069F900231A4A12184B41002B2BDB19493E
:10405000080088460AF044F8174B81461C68002C7B
:1040600014D0164F02E02469002C0FD02368002BD7
:10407000F9D03B68002B01D0A342F4D120000122EB
:104080002900FFF7ABFE2469002CEFD14B46002B33
:1040900005D1300003B0C0BCB946B046F0BD4046C3
:1040A00009F0DEFFF5E70122054B5242CFE7C0469B
:1040B00040420F00381F00202C2B0020342B002002
:1040C000FFFFFF7F70B5040009F090FF012301009E
:1040D000050001222000FFF70DFF084B1C68002C93
:1040E00006D06368002B05D098472469002CF8D1CE
:1040F000280070BD2469002CF3D1F9E72C2B002097
:10410000F0B5CE46474680B5A5B004000D00FDF7DA
:1041100001F900232A4A12184B41002B49DB294E92
:10412000300009F0DDFF00230700039322002B007D
:10413000254803A9FFF7ECFD039B8046002B14D113
:10414000224B1C68002C06D06368002B0BD09847CC
:104150002469002CF8D1002F27D1404625B0C0BCDF
:10416000B946B046F0BD2469ECE7184B1D68994686
:10417000002D22D0164C02E02D69002D11D02B68A5
:10418000002BF9D02368002B01D09D42F4D1039B72
:1041900028001A0004A90193FFF720FE2D69002DC5
:1041A000EDD14B4603951C68CCE7300009F058FF71
:1041B000D3E70122074B5242B1E70395CBE7C04654
:1041C00040420F00381F0020913E00102C2B002091
:1041D000342B0020FFFFFF7F0FB400B583B004A98C
:1041E00001C90191FFF78CFF03B008BC04B0184768
:1041F0007047C0460022014B1A7070479A2F00206A
:104200004B790020FF2B0BD18B79002B08D1CB7978
:10421000012B05D1082A03D98A78024B09301A707C
:104220007047C0469A2F00200120704710B5012921
:1042300009D115495379107909781B0203430020ED
:10424000994202D010BD0120FCE75378012B08D021
:10425000022BF7D1002064220021FDF7E3F90120B1
:10426000F0E7D37891781B021943DB0507D54A0A9A
:10427000100001231A407E331940FDF759FA01203E
:104280004A0A4042F5E7C0469A2F0020004870478E
:10429000ACE6001070B5050014000120012909D119
:1042A00053780020012B05D1637912791B02134347
:1042B000072B00D070BD21002800024A9F3301F077
:1042C00061FAF7E7D0E60010012303700048704759
:1042D0008CE6001048780B788A78000218431204A4
:1042E00010439622CB7810B51B060343D2009342AD
:1042F00000D010BD0022012011004042FDF718FA45
:10430000024B1860024B19607047C046CC2A00204F
:10431000D02A002010B5024B1878FCF7CDF910BD5B
:104320009B2F0020154B70B51A68002A22D0EFF39E
:10433000108172B610680028FCD0BFF35F8F002296
:104340000F48596002701B68BFF35F8F1A6081F3DA
:104350001088002400250B4E3078FCF7A1F90028C6
:1043600004D1002400252900200070BD3078FCF71E
:10437000A3F9F8E7FA240025A400ECE7482F002071
:104380009C2F00209B2F002070B5040000200E0001
:1043900001F022FB002835D0002001F033FB00287B
:1043A00030D0FCF7B7FF0023184A12184B41002BFE
:1043B00024DB174D280009F093FE002822D00020AE
:1043C00001F00AFB00280BD1012000210324404208
:1043D00000F00AFD6442280009F042FE200070BD92
:1043E000002001F00FFB0028EED021003200002059
:1043F00001F014FB041EEED1033CECE70122054B57
:104400005242D6E703246442E8E7C04640420F0028
:10441000742F0020FFFFFF7F10B5FCF77BFF002308
:104420000E4A12184B41002B13DB0D4C200009F0F3
:1044300057FE00280CD001200021404200F0D4FC9F
:10444000002001F035FB0028F5D1200009F008FE1E
:1044500010BD0122034B5242E7E7C04640420F0025
:10446000742F0020FFFFFF7FF8B5DE46574680B56A
:1044700005000C00FCF74EFF0023364A12184B4192
:10448000002B5ADB344908008A4609F029FE00282F
:1044900003D1C0BCBB46B246F8BD002001F09CFA77
:1044A00000284ED00026002C43DD2C4B9B4614E008
:1044B000A919002001F038FB07000120002140422B
:1044C00000F092FC002001F0F3FAFCF723FF234BED
:1044D000F61918605960B4422BDD002001F046FB4C
:1044E000A71B0200B84200DD3A00002AE0D10120FB
:1044F0000021404200F078FC002001F0D9FA0020B1
:1045000001F06AFA002814D0002001F02FFB0028E7
:10451000E1D1FCF7FFFE5B460F001A685B680021E3
:1045200084460F4812184B419F4202D8D3D194457C
:10453000D1D9504609F094FDABE70122094B524214
:10454000A0E700200021054B18605960504609F093
:1045500087FD9EE740420F00742F0020D0200020EE
:1045600020A10700FFFFFF7F30B52A4C85B0002156
:10457000200009F095FD00281CD1274B1A68002A5D
:1045800016D0EFF3108172B610680028FCD0BFF38C
:104590005F8F01242148596002781B68D2B20470F1
:1045A000BFF35F8F0020186081F31088002A17D0B6
:1045B00005B030BD01200021404200F015FC002074
:1045C00001F020FA0500200009F04AFD002DEFD08F
:1045D000134B1B68002BEBD0124A10689847E7E793
:1045E000FCF786FC0400FCF795FEFA2200239200FB
:1045F00012184B41002B09DB01210291002101918E
:10460000094920000091FCF777FCD1E70122074B14
:104610005242F1E7742F0020482F00209C2F0020E9
:10462000CC2A0020D02A002025430010FFFFFF7F66
:10463000D02310B51B0684B01C68FCF759FCFCF7AE
:1046400055FDA04202D0002004B010BD294B00212E
:1046500000201B7801F07EFD27480368002B41D025
:104660000120FCF7BBF9FF23244C2549207018409A
:10467000FCF73CF820780121FCF700F80520FCF756
:1046800023F8002821D1082200211E48FEF77AF8DD
:10469000FCF72EFC0400FCF73DFEFA2200239200FA
:1046A00012184B41002B20DB0121029100210191C6
:1046B000154920000091FCF71FFC0028C3DB1348BC
:1046C0000121FFF797FC0120BEE70120FBF7A6FFC1
:1046D00001000C48FCF7F8F9002205200C49FCF712
:1046E0002FF8ECE7FCF7D2F9BAE70122094B524266
:1046F000DAE7C046A8F10010742F00209B2F00209D
:1047000069450010482F002025430010C0160020E6
:1047100015430010FFFFFF7F0048704718E80010A6
:1047200000487047C4E7001070B5040017480378CC
:10473000002B21D0002C06D1C1241548154BA40014
:104740004380048070BD052C1DD8134B1048A40075
:10475000E558811C002304E001330A800231132B49
:104760000ED0EA5CDCB2002AF6D1C0230134E4B2F8
:1047700064009B001C43E4E7112100F017F8D9E71F
:10478000CA24A400DDE70020DCE7C0467C2F00201F
:10479000042B0020090400002CE8001010B502488A
:1047A00000F0D8F810BDC046602F002030B54B1E79
:1047B000012900D1A7E0664A11780D112C00303490
:1047C0009F2900D9A2E00470012B00D1BEE00F2187
:1047D000147821400C003034092900DD98E0447041
:1047E000022B00D1B2E054782511290030319F2CE2
:1047F00000D990E08170032B00D1A7E00F21214068
:104800000C003034092900DD87E0C470042B00D18E
:104810009CE094782511290030319F2C00D97FE04D
:104820000171052B00D191E00F2121400C003034A3
:10483000092900DD76E04471062B00D186E0D478AA
:104840002511290030319F2C00D96EE08171072B92
:1048500000D17BE00F2121400C003034092966DCB7
:10486000C471082B00D171E0147925112900303171
:104870009F2C5FD80172092B68D00F2121400C00BA
:104880003034092958DC44720A2B5FD05479251141
:10489000290030319F2C52D881720B2B56D00F211A
:1048A00021400C00303409294BDCC4720C2B4DD054
:1048B00094792511290030319F2C00D907310173DB
:1048C0000D2B43D00F2121400C003034092901DD8C
:1048D00037310C0044730E2B38D0D1790C112200E3
:1048E00030329F2900D9073282730F2B2ED00F222E
:1048F0000A4011003731092A01DC30321100C1733E
:10490000102B23D010300023037030BD07345AE73A
:1049100037310C0063E707316CE737310C0074E77F
:1049200007317DE737310C0085E707318EE73731F6
:104930000C0095E707319DE737310C00A3E70731FD
:10494000AAE737310C00C4720C2BB1D1C018DAE7DA
:10495000602F002030B5002589B004000922002115
:1049600001A80095FDF70EFF0922002105A8049576
:10497000FDF708FF4B236A466846137004A90D2211
:1049800009F066FB1521082220006944FDF700FFAD
:1049900009B030BDF8B500F045F90C23194DFF22E0
:1049A000AB6705201849FBF7CBFE184C40220021CD
:1049B0002000FDF7E7FE4027002301262121144AAD
:1049C00066702783A260136063545F316184453948
:1049D0006354104A10496360E2602787A1620B604C
:1049E0006362E26209F08CFB80239B052E64EB641A
:1049F00090230A4A0120EA508022094B5202DA64CD
:104A0000F8BDC046000011509D0600203C2B002040
:104A100084001050000110508000105010D0010090
:104A20000020115010B501210520FBF727FE10BD15
:104A300010B500220021024800F014F910BDC04654
:104A40005C2B0020044B1970002904D08021902396
:104A5000024A8902D1507047942F00200020115043
:104A60000B785B0602D14B78052B00D070478A7813
:104A7000014B1A60FAE7C04600001150F0B5C64677
:104A8000C87800B58007830F1800012B61D08F789C
:104A90000C794B797F211B02394023434E00FC09DE
:104AA000334D32195201AA18977001276740577089
:104AB00000275B055B0DD7701383D076B846CA001C
:104AC000012C32D02B4FBC468F016244BC46AC4413
:104AD0006746BA6047461760002932D0264AC900A7
:104AE00090466246414451603F223F33934302283F
:104AF00038D0224937190A687F01D3180B60204942
:104B0000EF19FA608B422FD8341964012D19EB7E0E
:104B10001C499B064A40134380220120120613437E
:104B20006A68136080BCB846F0BD174FBC468F0161
:104B30006244BC46AC446746BA62474617600029E7
:104B400009D1002364012D196B60104B0120EB602B
:104B5000E8E70020E6E70B4AC90090466246414478
:104B60005162C1E75B00C4E7FCF70CFEFA68CBE7D3
:104B70003C2B00208400105004001050442F0020D3
:104B8000FF0F105000001050800010500001105016
:104B900010B509F0B5FA10BD10B57F200C0020400B
:104BA0004000E409110000191A00034B4001C0182D
:104BB00000F058F8012010BD3C2B00207F2213008C
:104BC00010B50B400A420BD0C9098022580040188A
:104BD0000649400140181201002109F0A9FA10BD50
:104BE00002220348C909521A8266EEE73C2B0020D4
:104BF000002011507F22100010B508400A4200D159
:104C000010BD0023C909400040180449400108189C
:104C100000220349C37009F08BFAF1E73C2B002016
:104C2000FFF7FFFF80220A4B520410B51A60094BB0
:104C300009491A6010000B689843FBD180220021BB
:104C400052010648FDF79EFD0922054B5A6710BD2B
:104C500000E0004000F0004008C00040000010509C
:104C60000000115070B5837E04000D001600002B6B
:104C700017D10023E38201332000A682A3762561A9
:104C800009F016FA002804D080219023084A8902EE
:104C9000D150200009F0F4F9002805D00123237732
:104CA00070BD09F035FAE4E7200009F021FAF7E7D2
:104CB000002011507047C0467047C0460020704722
:104CC000002070477047C0467047C0467047C046D6
:104CD0007047C046024B5878431E9841C0B2704797
:104CE000E4250020024B18784007C00F7047C046EB
:104CF000E4250020F0B546464F46D646C0B52F4BBA
:104D0000814698461B780E000124FF2B43D10029D1
:104D100040D0002154222A48FDF734FD0022294CBE
:104D2000294B20001A70FBF7B1FE284B1C60284C61
:104D300020001430FBF7B8FE200001F0F7FD254BF2
:104D4000254D1C60254B002B04D02800FFF7BCFA32
:104D5000234B18602349002400238A462A78204FD9
:104D600010E03A68630194466344002B12D05B68FC
:104D7000002B0FD098472A780134E4B2511C23004D
:104D8000A1420EDBA242ECD89B1A5B0153445B6844
:104D9000002BEFD100242000E0BCBA46B146A84663
:104DA000F0BD43464A46310048461A70FFF7F2FD0F
:104DB000041EEFD04846FFF735FEECE7F41600205E
:104DC000E4250020DC250020952F00203826002037
:104DD000D81600203C260020932F0020C942001046
:104DE0003424002048E90010F0B5DE4657464E4610
:104DF0004546E0B5C44B8BB01B78FF2B00D12EE1AC
:104E0000C24BC34D9A4607AC2E687269EFF310810E
:104E100072B61368002BFCD0BFF35F8FB161300016
:104E2000210001F0C5FB7269B369BFF35F8F0021F8
:104E3000116083F31088002800D110E16378082BFB
:104E4000E2D852469B00D3589F466368002BDBD0C4
:104E5000A0689847D8E77F232179AE4E0B405800D1
:104E6000CA093618B6183200012730321079B84313
:104E7000107110790337B8431071002B00D1F7E09F
:104E8000A54A337D1278934200D3E5E0A34A5B0143
:104E90001268D318002B00D1E1E09E696279207876
:104EA000A368B047B0E79E4A1378002B00D1D6E044
:104EB0001378013BDBB213701378002BA4D10122CD
:104EC000944B01211B7893481343924A914E1370DF
:104ED0003423D25C8A43C254C25C04208243F2541D
:104EE0000133F25C8A43F254F25C8243F254237839
:104EF00000209B4600F0AEFC602223791A40602A15
:104F00000DD0402A00D1BEE0DB06DB0E012B00D124
:104F10000EE1022B00D1D0E0002B00D1BFE02078C1
:104F20000021FFF74BFE80212078FFF747FE6BE75B
:104F3000784E3378DB0700D466E7FFF7C9FE63E7F6
:104F4000744BDB78DB0700D45EE76068FFF7B4FEE4
:104F50005AE7704E3378DB0700D455E73078000706
:104F6000C00FFFF7B3FE4FE76E496B4E23788B46B9
:104F70006A49984689463100327800234646002720
:104F8000884611E04A4612687B0194466344002B30
:104F90006CD0DB683000984743461A780137FFB27F
:104FA000511C3B008F4241DC9742EBD39B1A5B01C3
:104FB0005B44EEE75B49584E23788B465749984649
:104FC000894631003278002346460027884611E0A2
:104FD0004A4612687B0194466344002B21D0DB686B
:104FE0003000984743461A780137FFB2511C3B0006
:104FF0008F4205DCBA42EBD89B1A5B015B44EEE7BB
:10500000444E542200213000FDF7BCFB1022FF214A
:10501000301DFDF7B7FB30002022FF211430FDF7D3
:10502000B1FB00F00DFCFFF74FFEEDE6394E5422C8
:1050300000213000FDF7A6FB1022FF21301DFDF7F7
:10504000A1FB30002022FF211430FDF79BFB00F074
:10505000F7FB2379B370D7E6501C98420EDA0BB0F9
:10506000F0BCBB46B246A946A046F0BD294EEEE7CD
:1050700062792078A36800F001FCC5E69B1A294AF2
:105080005B01D31809E7284800F0E4FB01215846EA
:1050900008AAFFF7FFF8002800D0B5E63FE7202A6E
:1050A00000D14EE1002A00D039E76379092B00D9FD
:1050B00035E71E4A9B00D3589F467023217A0B4246
:1050C00000D02CE77F26CB0998460E40114B760086
:1050D0009B1943441F7D104B1B789F425ED3581C85
:1050E000B84200DA49E1FF1A0E4B7F01DF19002AAE
:1050F00000D146E1786900F0ADFB012158467B699B
:1051000008AA9847C7E7C046F4160020A0E8001098
:105110003C260020E4250020932F0020342400208A
:10512000952F002048E9001095420010C4E80010B7
:10513000237A0F2B00D9F2E6D64A9446D64A634426
:105140001B791278934234D3511C994200DAE6E677
:10515000D24E9B1A5B01F618706900F07BFB0121AF
:105160005846736908AA9847002800D04CE6602288
:10517000160023791E401A4200D0D0E663790A3B1C
:10518000012B00D9CBE600F065FB63790A2B00D137
:1051900050E1584608A900F0DDFA35E6C04B7F0122
:1051A0001B68DF19002A00D1EBE0002F00D1B6E622
:1051B000A0E7BB4A5B011668F618002E00D1AEE6E8
:1051C000CAE7B44BA7795B789F42E2D0B14B5B78DA
:1051D000002B00D06AE1AF4B5F70002F00D155E18A
:1051E000781EC0B2FFF79CFA002800D14AE143784C
:1051F0000493022B00D045E10121C2799311521191
:105200000B400A4012015B011343A24A2F3112786E
:105210008A4313439F4A137009239946C3788278BF
:105220001B021343C31802939D4B814498464F467B
:10523000029BBB4200D806E101227B7800920B2B37
:1052400004D1FB7800933B78FF187B78042B00D0C7
:1052500018E1029BB946DB1B9BB203938E4B1E7871
:1052600000231F0001931BE0424612687B01D61801
:10527000002E00D106E149465846039A3369984703
:105280000590082803D9039A824200D3DEE0824BBE
:1052900001371E78FFB2731C01979F4200DDF1E0D9
:1052A000BE42E1D8019B9E1B7C4B76019C46664426
:1052B000E1E7784B06AA5B78023213705846012367
:1052C00008A900F05FFA9FE5E088030AC0B20F2B3F
:1052D00000D924E673499A008A58974608A800F036
:1052E000BFFA5846A179FFF7A3FB0222694B1B784E
:1052F0001343684A137087E5E388012B00D00EE65C
:105300000822644B1B789343624A137041E70220E2
:10531000604B197806AB9A1C8B068908DB0F01409D
:105320000B4313805846022308A900F02BFA6BE5C3
:10533000E388012B00D0F2E50822564B1B7813437B
:10534000E2E7237A0F2B00D9E9E5524A9446524A04
:1053500063441B791278934227D2514A5B01166845
:10536000F618002E00D1DAE5706900F073FA012119
:105370005846736908AA98478DE60027002A00D08E
:10538000CDE50222637999469343012B16D04B4613
:10539000002B00D0C3E53F4B06AA9B194344303392
:1053A0001B7902329B07DB0FBBE7511C994200DAE5
:1053B000B5E53A4E9B1A5B01F618D5E7E388002B5A
:1053C00012D14B46012B24D0374B1878FFF7F6FB50
:1053D0000221304B9B19434430331A790A4301218F
:1053E0001A711A790A431A71002F00D10CE57869F5
:1053F00000F030FA7B6908AA01215846984700203E
:1054000000F028FA3523234AD35CDB0700D5FBE400
:10541000BFE6254B1878FFF7EDFB02211D4B9B19CA
:10542000434430331A798A4349461A711A798A43B8
:105430001A71D9E706AB9A1C5846012308A91670C1
:1054400000F0A0F9E0E4FFF73DFCA2E63B004F4688
:105450009946009B012B00D189E0009B002B75D061
:1054600000234E46B97805E016710133009ADBB28D
:1054700093426AD207485A188446D2B262441079DD
:10548000FF28F1D00023034A537048E5FFF71CFCC6
:105490007FE6C046E4250020932F002048E9001055
:1054A00034240020ECE80010F416002000215846B7
:1054B000FFF7C8FA5846FFF76BFB454B454E9B7804
:1054C00045490093894600233100327888461E0002
:1054D00011E04A461268730194466344002B22D0BF
:1054E000DB685846984743461A780136F6B2511C95
:1054F00033008E4207DCB242EBD89B1A374A5B017D
:1055000094466344ECE7542200213148FDF73AF910
:105510002F4B1022FF21181DFDF734F92022FF2107
:105520002F48FDF72FF92A4B009A9A7053E6FEF7A1
:10553000ADFE021E00D1F2E4D37891781B020B433A
:10554000584608A900F01EF9A5E5B146059E4B4650
:1055500032003900224800F0A1FEB4461D4B019AEA
:105560001B7867440133934200DB61E68AE71D4BF9
:1055700032699A4200D073E7049B009370E7FFF70B
:105580009DFB021E00D1CAE45846137808A900F01A
:10559000F9F880E52189FFF7C7F8021EF4D1BEE4CF
:1055A000022B0FD0FFF78CFB021EC5D1B7E4FFF72B
:1055B000B3F8021E00D1B2E41223584608A900F045
:1055C000E1F868E5FFF7ACF8021EB5D1A7E4C046E4
:1055D000E4250020932F00203424002048E9001007
:1055E000F8250020655C0010F8B557464E46DE46AB
:1055F00045460C00E0B516001F00002A3CD0702381
:1056000098461E4B00259B461D4B9A461AE05B466A
:105610001B78200099465346997800F003FE002835
:105620001CD021004846FFF729FA002816D0A3789D
:10563000DA09012A19D00A9A013513702378E4187F
:10564000B54219DA6378052B08D1E3789B079B0FE5
:10565000BB4203D14246A3781A42D8D00020F0BC06
:10566000BB46B246A946A046F8BD0B9A0135137059
:105670002378E418B542E5DB0120F0E7F4160020BA
:10568000E4250020702270B58B780C001A4201D0FE
:10569000002070BD064B20001D78064B997800F065
:1056A000C1FD0028F4D021002800FFF7E7F9F0E75A
:1056B000F4160020E4250020074B080019687F231A
:1056C00010B50340C0095B0034301818034B18189C
:1056D00000F064FD10BDC04638260020E4250020FF
:1056E000074B080019687F2310B50340C0095B0011
:1056F00034301818034B181800F078FD10BDC04660
:1057000038260020E42500207F2070B508400F4C8B
:105710004000CD0924186419303425790020ED07A4
:1057200000D570BD012625790948354300782571DB
:10573000FFF732FA0028F4D1012223799343237131
:105740002379033293432371EBE7C046E42500201D
:10575000F416002070B50A4E0500300008220C0037
:10576000FDF716F800237F21F3602278B3609142A1
:105770005B412800D90100220023FFF7C5FF70BD5F
:10578000C4250020F8B5CE46474691462A4E80B53E
:105790000822070030000D009846FCF7F9FF4B4641
:1057A000B3600023F381EC79A97924020C43231C14
:1057B000444500D943469AB29046B381002C13D099
:1057C000002A1FD04B46002B34D0131C402A1FD870
:1057D0009BB2984633787F2B20D80021174A434646
:1057E0003800FFF791FF09E07F222B7838009A42BA
:1057F000644100230022E101FFF786FFC0BCB946E7
:10580000B046F8BD33787F2B11D980210022E6E71E
:1058100040239BB2984633787F2BDED9074C424613
:1058200049462000FCF7B4FF80212200D7E7002181
:105830000022D4E70020E1E7C425002084250020D1
:1058400010B5142200210248FCF79CFF10BDC04691
:10585000C4250020014B18617047C046C4250020B4
:1058600010B5054C010008222000FCF791FF002331
:10587000A360E36010BDC046C4250020F8B5394CD4
:105880001D0023780600DA09C9098A4210D00020D9
:10589000002D00D0F8BD21003000FFF7E1F82369AA
:1058A000002B42D022000321300098470120F1E76D
:1058B0007F2B06D8A068002839D02A002A49FCF797
:1058C00067FFA368E28959195219E38892B2E2810D
:1058D000A160934214D03F2D12D9A589A81A071CA4
:1058E00080B240282FD82378BFB27F2B2DD800213B
:1058F000AA4235D01C4A3B003000FFF705FFC9E73C
:105900002369002B05D0220002213000984700288F
:105910000FD07F220021237830009A424941002392
:105920000022C901FFF7F0FEB4E70120B2E7002032
:10593000B0E700213000FFF741F930008021FFF788
:105940003DF90120A6E74027CDE7AA4207D0064C43
:105950003A002000FCF71CFF80212200CBE78021C9
:105960000022C8E7C42500208425002070B505006A
:10597000FFF7B0F9002800D170BDFFF7B3F9002898
:10598000FAD1C8236B43124AD618F1780029F3D014
:1059900010339C18200000F0F5FD3F28ECD90020C2
:1059A000F178FFF789FE0028E6D0200000F0EAFD3C
:1059B0003F2808D9EA01074D4023F1785219002009
:1059C000FFF7A2FED8E7F1780020FFF789FED3E7C2
:1059D000BC2400203824002010B50400FFF77AF919
:1059E000002801D1002010BDFFF77CF90028F9D173
:1059F000C830444302480019037901201840F2E7F7
:105A0000BC240020C823584310B5034B1030C018E5
:105A100000F09AFD10BDC046BC240020F0B5C8249B
:105A2000C64644431E4F1F4B1034050000B53C19B9
:105A30009A4200D91C4A200092B200F009FE80462A
:105A4000FFF748F9002803D1404680BCB846F0BDB6
:105A5000FFF748F90028F7D1C8266E43BE19F3783E
:105A6000002BF1D0200000F08DFD3F28ECD9002064
:105A7000F178FFF721FE0028E6D0200000F082FD3B
:105A80003F2808D9EA01094D4023F1785219002036
:105A9000FFF73AFED8E7F1780020FFF721FED3E7C1
:105AA000BC240020FEFF0000FFFF0000382400207F
:105AB000F8B50600FFF70EF9002801D10020F8BD67
:105AC000FFF710F90028F9D1C82474432500144FBA
:105AD0002435ED19280000F037FD0028EED03F19DD
:105AE0000020B978FFF7E8FD0028E7D00D48F6015F
:105AF0004036361831004022280000F0A9FDB97860
:105B0000041E08D0030032000020FFF7FDFD00282E
:105B1000D4D02000D3E70020FFF7E2FDCEE7C04657
:105B2000BC2400203824002070B5C82444430C4B0A
:105B30002434E4180B4B05009A4200D90A4A20008D
:105B400092B200F03FFE0600200000F0FDFC3F286E
:105B500001D8300070BD2800FFF7AAFFF9E7C04662
:105B6000BC240020FEFF0000FFFF0000C8235843B4
:105B700010B5034B2430C01800F004FD10BDC04622
:105B8000BC240020F0B50025184C83B0C8220021A9
:105B90002000FCF7F7FD164B21001D70FF236371F9
:105BA000E1235B02A360200008234022A373383165
:105BB0000095073B103000F08FFC270001232100E7
:105BC00020002600402278310093B837243000F0BE
:105BD00083FCC0363800FAF759FF3000FAF756FF59
:105BE000E56127622663656303B0F0BDBC24002035
:105BF000B8240020074B1A6A196B002A02D0002231
:105C0000DA611A62002902D000221A635A63012065
:105C10007047C046BC24002070B50F4C05220021FF
:105C20002000FCF7AFFD0D4D2B78DA0707D50C4CA3
:105C30009B070CD50121200000F098FE70BD2000CC
:105C4000103000F073FE2B78054C9B07F2D4200037
:105C500000F06CFEEEE7C046BC240020B824002013
:105C6000E0240020F0B54B79060083B0022B02D16E
:105C70008B79022B03D00025280003B0F0BD214F03
:105C8000BB78002BF7D18B7809253B700C780C1969
:105C90006378242B0BD1082A02D80FE0AA420DD337
:105CA0002378E418ED186378ADB2242BF6D0052BD9
:105CB00008D0042B02D163790A2B11D00020FFF702
:105CC00055FED9E721003000FFF7DCFC0028D2D0D8
:105CD000A3787B702378ED18E4186378ADB2E8E719
:105CE000094B2778019301330093022202233000ED
:105CF000E119FFF779FC0028BDD00E35ED19ADB2E2
:105D0000DCE7C046BC240020BE240020F8B5602398
:105D100014001278050013400020202B07D1304AD0
:105D20006379277916781B023B439E4200D0F8BD69
:105D30006378222B28D007D8202B17D0212BF6D11F
:105D400001293ED00120F2E7232BF0D1012940D0D8
:105D50000329F7D1234B002BF4D0E178A378090273
:105D60000020194300E000BF0120E0E7012928D00E
:105D70000329E7D11C4B002BE4D00832002011008E
:105D8000FEF7A8FA0120D2E7012922D00329D9D1B0
:105D90000125A178E4782E0024020C43012114711E
:105DA000264024321000714000F0E0FD0F4B002B24
:105DB000C8D06208002031002A4000E000BF012066
:105DC000B5E7072321002800094AFFF7DBFC012083
:105DD000ADE721002800FFF7BDFC0120A7E7C04682
:105DE000BC24002000000000D5420010000000008C
:105DF000C4240020F0B54F464646D646C0B5354DC2
:105E00008046EA780C001F008A425BD19AB21023C8
:105E10009A46314EAA443100504600F0D3FC2F4B35
:105E2000002B17D06B79FF2B14D0002F12D0F21952
:105E3000914603E001364E450CD06B7932789A4298
:105E4000F8D1504600F096FB0028F3D1697900E0C4
:105E500000BFEFE7224B002B04D0224800F08AFB62
:105E6000002834D00020FFF781FDAB78A34206D094
:105E700001242000E0BCBA46B146A846F0BD1A4B4A
:105E8000002B02D0002000E000BF0020FFF710FE32
:105E90000028EDD1154D280000F056FB0028E7D171
:105EA000002FE5D0BB06E3D1243D4046A978FFF79B
:105EB00003FC041EDCD0002300224046A978FFF733
:105EC00023FCD6E7AB788B42D9D00024D1E700E0A1
:105ED00000BFC7E7BC2400203824002000000000D9
:105EE00000000000CC24002000000000E02400207E
:105EF0009322F0B5134C85B0002120009200FCF7EE
:105F000041FC23002000802640270F4D4D337600B2
:105F1000FF332930029500930022002300210397CC
:105F20000196FF3000F0D4F94035201D28340023BD
:105F300001220021039702950196009400F0C8F910
:105F400005B0F0BD802700200027002010B5054CCB
:105F5000200000F0F3F920002538FF3800F0EEF9BA
:105F6000012010BDA828002070B5084C0025200095
:105F700031302570FF3000F0D9FC20000C3000F0EB
:105F8000D5FC2A23FF33E554657170BD80270020BE
:105F9000F8B54E464546DE465746E0B54B79814654
:105FA0008846FF2B25D12A23414FFF330C78FE5C16
:105FB0007B794444A5181E431BD198225200924677
:105FC000253AFF3A93468B78BA443B700B79BB4431
:105FD000002B0AD06378052B05D111E02378E41853
:105FE0006378052B0CD0A542F8D84346E01A80B25E
:105FF00000E00020F0BCBB46B246A946A046F8BD72
:10600000A542F2D921004846FFF73CFB0028F0D01A
:10601000A3780136F6B2DB09012B2AD0504600F0F6
:1060200085FC2A23A278FF33FA54224A63799446E6
:1060300021791B020B435B0594215B0D63445A429B
:106040005341022049007A5C5B00824313437B5436
:1060500051464846083900F0D1F90028C9D02378C4
:10606000E41843461B79B342B4D84346E01A80B2E1
:10607000C0E7584600F05AFC5A460E49A3788C46B1
:106080000C3A5371637920791B0203435B055B0D66
:10609000634459424B41022011795B0081430B4319
:1060A000594613710839002000F076F9D7E7C04649
:1060B0008027002000FEFFFFF8B52A251F4CFF3582
:1060C000655D06001F008D421DD19A235B00E35AD7
:1060D000002B0ED11A4B002B04D000201949BAB264
:1060E00000E000BF3000184900F088F901242000CA
:1060F000F8BD2000962331305B00E158BAB2FF3082
:1061000000F060FBE6E763798B4201D00024EEE704
:106110000E4B002B04D039040020090C00E000BF16
:106120000B4D3000290000F037F901240028DED1A2
:106130003A002900300000F003F9D8E7802700205A
:106140000000000000270020A82800200000000018
:106150008427002000B5030083B0002910D0002060
:10616000012B07D80A78002A04D00B48C25401201A
:10617000012A01D003B000BD1800FEF7BBFDF9E70E
:10618000012301A900200B80FEF7B4FD0028F1D007
:106190000122014B1A70EDE7D8250020037870B575
:1061A000DB0704000E00DD0F002B17D103785B071F
:1061B00001D5280070BD01213000494207F080FF61
:1061C0002378DB07DD0F002B0AD123785B0708D487
:1061D0000422237801251343237002E00025E8E719
:1061E0000025300007F03CFFE3E7C04670B50D0026
:1061F000012104004942280007F062FF23785B0771
:10620000DE0F002B04DB280007F02AFF300070BDF2
:106210002378DB0704D40422237893432370F2E726
:106220000026F0E710B5437904791B0223435B0590
:106230005A0DC3789B079B0F022B05D0032B15D05B
:106240000020012B08D010BD02291CD000204023C3
:1062500093424041C0B2F6E702394B4259410D4BDF
:106260009C46614491424041C0B2ECE702394B4246
:106270005941F023002049429B001940403191428E
:106280004041C0B2DFE7044BD3185A425341D8B261
:10629000D9E7C046FF03000000FEFFFF8A1870B573
:1062A000914207D27F264C78052C04D00C7809192E
:1062B0008A42F8D870BD34008D782C4064000419EF
:1062C000ED0963550C7809198A42ECD8F2E7C0460B
:1062D000F0B5C64600B582B0150008AA40CA040051
:1062E00017880BAA1288012090460A0021780240E4
:1062F000814320001143217000933A0001233100B3
:10630000083000F0E9F8002E01D0002F08D10A9BD8
:10631000012063604346638002B080BCB846F0BD94
:1063200026001C363000FAF7B1FB0023002D01D007
:10633000330000266361A661E9E7C046012070478B
:10634000F8B5E023070008000C785B00A407E41709
:106350001C4008300D0016003F3400F0F5F800280E
:1063600007D1002E05D0344203D101242B781C42E2
:1063700001D00020F8BD38006978FFF79DF90028AA
:10638000F7D02B781C42F4D1002300223800697822
:10639000FFF7BAF9EEE7C046F8B50D00083506007C
:1063A00028000C0000F0D0F8002803D00127237843
:1063B0001F4201D00020F8BD30006178FFF77CF962
:1063C0000028F7D028006288616800F041F923783E
:1063D000051E0BD01F42EDD10300626830006178CA
:1063E000FFF792F90028E5D02800E4E71F42E1D149
:1063F00030006178FFF774F9DCE7C046F8B5CE46A7
:10640000474680B58B8906000C00002B08D101257A
:106410000B781D4241D00020C0BCB946B046F8BD43
:106420000B789B0734D440235B42994640252700D4
:106430000837380000F0A6F8A842ECD301222378F0
:1064400090461A42E7D130006178FFF735F900280D
:10645000E1D0380000F096F842462378854231D8E2
:106460001A42D8D14B4662881840051C80B290422F
:1064700000D9151CADB200226178002D00D06268F1
:106480002B003000FFF740F90028C4D02800C3E7F4
:106490008025104BAD009946C9E74978FFF70CF904
:1064A0000028B8D023781D42B5D1638800226178D6
:1064B000002B00D062683000FFF726F90028AAD030
:1064C0006088A9E71A42A6D130006178FFF708F981
:1064D000A1E7C04600FEFFFFF0B5C64600B50400C8
:1064E00006A805788020884617001E000002824218
:1064F00027D8E068002803D00121494207F0E0FDD9
:106500002069002803D00121494207F0D9FD434604
:10651000236073045B0CED031D430023E06863817B
:10652000A780E5802381002801D007F099FD20692C
:106530000124002801D007F093FD200080BCB8465C
:10654000F0BD0024F9E7C04610B50489418982886E
:10655000A3B288B28C4207D31B1A9BB2101C9A427A
:1065600000D9181C80B210BD5100091A5B189BB2EB
:10657000F4E7C046030000895B89C01A43425841D2
:10658000C0B2704710B5048941898288A3B288B22D
:106590008C4207D31B1A9BB200209A4201D9D31A0E
:1065A00098B210BD5100091A5B189BB2F4E7C046BF
:1065B00070B5040000690E00002803D00121494293
:1065C00007F07EFD25896089A288A9B283B2854241
:1065D0002CD3CD1AADB2002D2ED0AA4208D29142B2
:1065E00031D38B1A9BB263819A4203D89B1A9BB218
:1065F0009A42FBD9E28821685204520C534330007E
:10660000C918FCF7C5F8618901254B1C9BB2A2880B
:10661000994214D9002352009B1A9BB220696381CE
:10662000002801D007F01CFD280070BD5500ED1AB0
:106630004D19ADB2002DD0D1002563899BB2520017
:106640009342EBDBE8E789188BB26381CCE7C04665
:10665000F0B546464F46D646C0B5060000698946A5
:106660009046002803D00121494207F029FD3189D5
:106670007289B5888BB294B2914257D31F1BBFB2B7
:10668000002F4DD0BD4205D2AB4254D25B199CB213
:106690002F0074814346B84540D89FB2A54203D825
:1066A000641BA4B2A542FBD9F288281B5204530CE8
:1066B00019009846336861439C4680B26144874222
:1066C00026D94346584383B21A0048469A46FCF7F7
:1066D0005FF8434648467D1B64195C43316850446B
:1066E000A2B2FCF755F87189B588CB199BB26A0044
:1066F000994217D99B1A9BB230697381002801D047
:1067000007F0AEFC3800E0BCBA46B146A846F0BD82
:10671000424648467A43FCF73BF8E4E73B1CBCE7BB
:1067200073899BB26A009342E6DBE3E76F003F1B8D
:10673000DF19BFB2A4E75B1B9CB2A9E7F8B5040060
:10674000C0680E00002803D00121494207F0B8FCC0
:10675000258920896189A288ADB283B28FB288422F
:1067600028D3DB1B9BB29A4209D8E779FF0906D1EF
:10677000E068002801D007F073FC3800F8BD2B005A
:10678000954203D39B1A9BB29342FBD2E2882168C5
:106790005204520C5343C8183100FBF7F9FFA2888A
:1067A0006B1C9BB252009D4209D99B1A9BB20127D8
:1067B0002381DDE75100C91B5B189BB2D3E79342ED
:1067C000F5DBF2E7F0B54E464546DE465746E0B506
:1067D00089460500140083B0002A6ED0C0680028E6
:1067E00003D00121494207F06BFC2F89EA796B89BC
:1067F000BFB29BB2D20942D1AE889F4267D272002B
:10680000D31AFB189BB2002290469E4231D9F31A4C
:106810001A1C9BB2A34200D9221C93B29846E88866
:106820004346DB199BB29B463C00BE4203D8A41BE7
:10683000A4B2B442FBD24004430C18009A462B6821
:1068400060439C46311B89B2604441454ED3524659
:10685000434649465A43FBF79BFFAB885B00BB4569
:1068600001D39B4503DB5A46D31A9BB29B465B463A
:106870002B81E868002822D007F0F2FB1FE0AA88ED
:106880009046944226D29F4244D34146FA1A92B28D
:10689000490012198A4209DB42469A1892B2171B24
:1068A000BFB29346BB423AD97F1ABFB2E3199BB23B
:1068B00046469B46A046E888B6E7002398464046F1
:1068C00003B0F0BCBB46B246A946A046F0BDFB1AD9
:1068D0009BB298E7E888A21A4404640C54434246E9
:1068E000A144002AC5D046461F0099E753465943A4
:1068F00089B20A0001914946FBF74AFF43469A1BB9
:106900005346A2185A430199286892B24944FBF7AA
:106910003FFFA2E75100CA1ABA1892B2B9E7B942CA
:10692000C2DD4646E888A0467EE7C04610B50400B2
:10693000C068002803D00121494207F0C1FB20694B
:10694000002803D00121494207F0BAFB0023E06888
:1069500063812381002801D007F082FB2069002891
:1069600001D007F07DFB012010BDC04670B50400CA
:10697000C0680D00002803D00121494207F0A0FBA8
:106980002069002803D00121494207F099FB7F21AB
:10699000E379ED011940E0682943E171002801D055
:1069A00007F05EFB2069002801D007F059FB0120A9
:1069B00070BDC046F0B557468246454B45465344E8
:1069C0005A4253418022DE464E46920294465B4232
:1069D000E0B51B0C3F4A1B04634413603E4A0D00A4
:1069E0003E4985B0136018000A689043FBD1814688
:1069F0000620FAF7C1FD53465A6802231A40019255
:106A00005246802104320292354AEF0D52446E0202
:106A1000136003923B0032000224490006E09042DA
:106A200006D3023492197B418C4201D0002BF6D060
:106A30002B0080262702A0463F1B05001C00760085
:106A400003E04346FF1A012E3DD039002800B3462B
:106A5000013EFAF7F5FF8442F3D244465946330229
:106A6000A8469946614353464A461C611B688025E7
:106A70005340FF22120213408022920194466D017E
:106A800055442B60029B019A63441A605246506839
:106A90000222039C07262260544624681040664068
:106AA000CF2434402C60032418600E485044046006
:106AB00040461A60FAF7C4FF05B0F0BCBB46B246C8
:106AC000A946A046F0BD44461900A846CBE7C046FB
:106AD0000040FCBF00E0004000F0004008C0004063
:106AE0000430000024200000F0B557464E464546CD
:106AF000DE468146E0B5062083B00D00FAF73CFD86
:106B00004B465A6802231A400192042280214A44CB
:106B10009246224AEF0D4A446E02136080463200CC
:106B20003B000224490006E0904506D30234921946
:106B30007B418C4201D0002BF6D0802627023F1BE0
:106B4000760002E03F1B012E24D039004046B346B8
:106B5000013EFAF775FFA842F4D95946614336025F
:106B60004B461C611B6880205E40FF231B021E40B9
:106B70008023019A40019B014844534406604046EB
:106B80001A60FAF75DFF03B0F0BCBB46B246A946F7
:106B9000A046F0BD21000026E2E7C0460430000018
:106BA00010B5FBF7D1FD10BD10B5FBF7DFFD10BD33
:106BB00002007F2801D880B27047802300205B024A
:106BC0009A42F9D2B623FF339942F5D100230749FF
:106BD00004E001339BB20231802B05D0088890423B
:106BE000F7D1803398B2E7E70020E5E75CEC0010CE
:106BF0008023F0B55B02984217D2802386B25B01F6
:106C0000984213D22449FF270AE096420CD35B88AE
:106C100004311C0A3B409D18A84209DB002C0DD012
:106C20000A880B00002AF0D13000F0BD1B49EAE7CA
:106C3000082CF9D81A4BA4001B599F465B00C918B1
:106C4000EEE7503EB6B23000EFE70836B6B230009D
:106C5000EBE71A3EB6B23000E7E7303EB6B230009E
:106C6000E3E7203EB6B23000DFE7103EB6B23000B8
:106C7000DBE70123B21A1A40B61AB6B23000D4E7E5
:106C8000821A5200565A3000CFE7064B9C466644A3
:106C9000B6B23000C9E7C046ACE90010A0EB001066
:106CA00088E90010A0E3FFFFF0B5DE4657464E46E8
:106CB0004546E0B5C14B8BB00191026819680400EC
:106CC0008A4200D196E01869824200D19EE01D6A96
:106CD000AA4200D1A6E01E6B0296B24200D1ADE0FE
:106CE0001F6CBB46BA4200D1C0E01F6D0397BA4289
:106CF00000D1C7E01F6E0497BA4200D1CEE01F6FEB
:106D00000597BA4200D1D5E08027DF590697BA42ED
:106D100000D1DBE09027DF590797BA4200D1E3E0CA
:106D2000A027DF590897BA4200D1EBE0B027DE591F
:106D30000996B24200D1F3E0C0269E59B446B24251
:106D400000D1FDE0D0269E59B046B24200D107E105
:106D5000E0269E59B146B24200D111E1F0269E597B
:106D6000B246964200D11BE1002900D128E100285B
:106D700000D141E1002D00D140E10299002900D16C
:106D80003EE15946002900D13CE10399002900D198
:106D90003AE10499002900D138E10599002900D190
:106DA00036E10699002900D134E10799002900D184
:106DB00032E10899002900D118E10999002900D190
:106DC0002CE16146002900D12AE14146002900D189
:106DD00028E14946002900D126E1514600200F262E
:106DE000002900D1EDE00BB0F0BCBB46B246A9468D
:106DF000A046F0BD5868A568A84200D063E798682F
:106E0000256BA84200D05EE7002622E05D69A668F7
:106E1000B54200D05BE79D69266BB54200D056E7CE
:106E2000012616E05E6AA768BE4200D053E79E6A5C
:106E3000276BBE4200D04EE702260AE05E6BA768D1
:106E4000BE4200D04CE79E6B276BBE4200D047E7A6
:106E50000326019A3501012A00D0C9E05A19D268E7
:106E60000020002ABFD10132FF32BBE05E6CA76870
:106E7000BE4200D039E79E6C276BBE4200D034E79B
:106E80000426E6E75E6DA768BE4200D032E79E6D3D
:106E9000276BBE4200D02DE70526DAE75E6EA768B5
:106EA000BE4200D02BE79E6E276BBE4200D026E785
:106EB0000626CEE75E6FA768BE4200D024E79E6F2D
:106EC000276BBE4200D01FE70726C2E78427A668CB
:106ED000DF59B74200D01DE78827266BDF59B7423C
:106EE00000D017E70826B4E79427A668DF59B74211
:106EF00000D015E79827266BDF59B74200D00FE77F
:106F00000926A6E7A427A668DF59B74200D00DE7F7
:106F1000A827266BDF59B74200D007E70A2698E773
:106F2000B4269E59B446A668B44500D004E7B826F6
:106F30009E59B446266BB44500D0FDE60B2688E783
:106F4000C4269E59B046A668B04500D0FAE6C826C9
:106F50009E59B046266BB04500D0F3E60C2678E784
:106F6000D4269E59B146A668B14500D0F0E6D82691
:106F70009E59B146266BB14500D0E9E60D2668E77B
:106F8000E4269E59B246A668B24500D0E6E6E82659
:106F90009E59B246266BB24500D0DFE60E2658E772
:106FA000F426A7689E59BE4200D0DDE6F826276B7E
:106FB0009E59BE4200D0D7E60F264AE73423002070
:106FC0000026A16835015A515A195160216B916010
:106FD0000021D160019A013A51424A41FF215242B7
:106FE0000A4001325B19DA60701CFCE60A26E8E709
:106FF0005A19D2680132F5E70126E2E70226E0E7F6
:107000000326DEE70426DCE70526DAE70626D8E7CE
:107010000726D6E70826D4E70926D2E70B26D0E7CD
:107020000C26CEE70D26CCE70E26CAE7F0B557466C
:10703000DE464E464546E0B5037982460C0087B0F1
:10704000002B00D08DE0683353449B465346DB6AE7
:10705000A21E023B9A4200D3B9E053460021588950
:107060000023FBF70FFB53461C6D5D6D24184D414B
:1070700080275346BF003A0000211C665D665846D3
:10708000FBF780FB534680215A8909021000560203
:107090008E4240D30E008027BF0002E07608BE4239
:1070A0005BD93000FFF77CFD81460028F6D0320026
:1070B0000021FBF767FB730A9B46534600225B895E
:1070C0009046002B05D115E053465B89D8444345D3
:1070D00010D94346029300235146039348785946FA
:1070E000029A039B009112196B41494606F026FA59
:1070F0000028E9D04846FFF757FD534658894346D4
:10710000181A421E9041C0B207B0F0BCBB46B2464E
:10711000A946A046F0BDBE42BDD800239846013323
:10712000994601260027002A09D1E8E701239C4659
:1071300053465889E044A4197D414045DFD9534660
:1071400058784B462200009359462B0006F0F6F97A
:107150000028EBD053465889D1E753465A8910008E
:10716000DBE76823012553449B46030040780095E4
:107170001A6E5B6E594606F0E1F903000120002B00
:10718000C2D1524656461371536E126E0492059345
:10719000776C366C53460021186B049A059B921B42
:1071A000BB41994200D051E7904200D84EE7534688
:1071B000DB78022B00D049E7049A059B12184B415B
:1071C000514648785946009506F0B8F93EE7002444
:1071D00000254DE73522342330B5845CC35C24029E
:1071E0001C433623C25C0133C35C120414431B06E8
:1071F00023438B603823C25C0133C35C1B021A43F8
:107200003A23C45C0133C35C240414431B063D22AF
:107210001C433C23855CC35C2D021D433E23C25CA2
:107220000133C35C120415431B062B434B6121231E
:107230000C61C25C1F3B1340CB710023CB6130BD9E
:10724000F0B5D646060000B51D000379040017000E
:1072500086B06836002B14D101233A000093310028
:107260002B00607806F030F9002805D127666566A6
:1072700006B080BCBA46F0BD01277F4201203D0028
:10728000F4E7012340789A4600933100226E636E42
:1072900006F054F903000120002BE9D1216B237182
:1072A00002910021226E636E039110001900049276
:1072B0000593226C636C801A994100228A42CBD1DB
:1072C000029A8242C8D9E378022BC5D10298039969
:1072D000049A059B12184B41514660780091310089
:1072E00006F02CF9B8E7C046F0B55746DE464646EC
:1072F0009A46C0B50023070002391000BC6DFD6D31
:107300000A0BA4185D4182B0009401950124073353
:107310000E0519408C40063B9B460500F60DE4B275
:107320003B6E009A934241D0009A019B3800FFF7D0
:1073300087FF00284AD1BB191800683098460378A7
:107340001A002240511E8A41924526D05A46634077
:10735000013D03703A71002D26D0802292009446A0
:10736000414608E00A006340683213705A46013D06
:107370003A71002D18D06400E4B2002C07D1013618
:10738000664518D0B9190B00012468331B781A0020
:107390002240501E82415245E4D1022002B0E0BC9E
:1073A000BB46B246A846F0BD0020F7E77B6E019AC7
:1073B0009342B9D1BFE70121009B019C00225B18D9
:1073C00054410026009301940124A9E70120E5E738
:1073D000F0B5D6464F464646037804008A46150067
:1073E000C0B5022B00D177E041D8012B6ED14B08FC
:1073F0009946D144494600234A0A416C006C121850
:107400004B41216E914200D18CE02000FFF718FF24
:1074100000285CD1682398464B46012251465F1CE8
:10742000DB05A044DB0D43440A4200D17FE00F217D
:10743000187808402901014319700023206C616C01
:1074400022717A0A12184B41216E914200D191E0CB
:107450002000FFF7F5FE002839D1FF05FF0D2D09AB
:107460004744EDB201233D70002023712FE0DA1E66
:10747000012A2BD8266C676CC80900218019794134
:10748000226E82424AD002000B002000FFF7D8FE95
:1074900000281CD12378042B63D05346FE219E0084
:1074A00049000E40210068318E19F3782D011B0927
:1074B0002A091D0715432B0A73702B0CB370012387
:1074C00035702D0EF5700020237100E00220E0BC25
:1074D000BA46B146A846F0BD00230A0A416C006CCA
:1074E00012184B41216E914214D02000FFF7A8FEE4
:1074F0000028ECD15246FF21230056004900683392
:107500000E409E1901233570ADB22D0A7570002012
:107510002371DCE7616E9942E7D1EBE7626E8A4244
:10752000B1D1B8E7616E994200D06EE772E71D7085
:107530000023206C616C22717A0A12184B41216E73
:1075400091421CD02000FFF77BFE0028BFD10F2105
:10755000FF05FF0D47443B782D0A8B430D401D432B
:1075600080E75346FE219E004900314026006836E0
:107570007618A0E7616E994200D069E76DE7616E09
:107580009942DFD1E3E7C046F0B5C6460C000127BB
:1075900000B5012926D90568EB6A8B4222D92B78E0
:1075A000032B00D191E021D8012B56D0022B19D109
:1075B00000230A0A286C696C12184B41296E91420B
:1075C00000D1B7E02800FFF73BFE002800D0BDE067
:1075D000FF21640049000C402D1968356F782A7826
:1075E0003F021743380080BCB846F0BD042BF9D1E8
:1075F000026943691100194300D08AE0C379012769
:10760000002BEFD1C369002B00D0B6E0286C696C69
:107610000023E20912184B41296E914200D1AEE0DD
:107620002800FFF70DFE002800D08FE0FE23A40005
:107630005B001C40953B2D19FF3BEF5C0133EA5C7E
:107640000133EB5C12023A431B041A436B23EF5CD9
:107650003F0617437F007F08C4E700234E082F6EC4
:107660007618720ABC46286C696C12184B416F6E12
:10767000B846624563D02800FFF7E2FD002865D1D7
:10768000286C696C2B6E9C466B6E9846F305DB0D7F
:10769000EB186833771C1E7800237A0A12184B41C6
:1076A000624556D02800FFF7CBFD00284ED1FF05DC
:1076B000FF0DED1968352B781B021E433709E307D0
:1076C00000D58FE73605370D8CE70023CA09286CF3
:1076D000696C12184B41296E914233D02800FFF794
:1076E000AFFD002832D1FE216823A40049000C40E0
:1076F0002D19EF5C0133EA5C0133EB5C12023A4373
:107700001B041A436B23EF5C3F0617433F013F09FD
:1077100068E78668002E00D170E7C179A61B0229B0
:107720001AD0032900D06DE78369B34200D869E716
:10773000671C57E7696E994200D043E748E7BB42B0
:1077400099D1A3E7696E9942C8D1CCE701277F425E
:1077500048E74345A6D1AAE701204042C1171218C5
:107760004B41D905500A08436A89590A0023FAF7A0
:10777000A5F9864200D935E7DAD1034F32E7696EC1
:10778000994200D04CE751E7FFFFFF7FF8B505684D
:10779000066B2B782036043B5A425341FE225B4253
:1077A00012051340802292039446634404009E42D3
:1077B00005D3002200230420A263E363F8BD826B9B
:1077C000C36B1100194342D0F105CF0D002927D119
:1077D0000021012012184B41616BA263E363002971
:1077E00024D06B89720A013B1A4219D12000FFF79D
:1077F000CBFE012826D9431C22D0EB6A9842D8D26E
:10780000821E023B60639A421ED2002300216889D7
:10781000FAF738FF2A6D6B6D80185941A063E16358
:107820006835ED19002026632564C7E72A897309A6
:107830009342BED26835ED19002026632564BDE76A
:107840000120BBE70220B9E700200021E6E7042081
:10785000B4E7C046F0B5D64600B50379060084B05B
:10786000002B0ED13378032B39D000220021707801
:1078700005F09EFE431E9841C0B204B080BCBA46DB
:10788000F0BD07000123683740789A46009339001D
:10789000326E736E05F052FE03000120002BECD116
:1078A0003371336E746E18002100346C756C029065
:1078B00003910023001BA941326B8B42D2D182423B
:1078C000D0D9F1780229CDD10298039912184B41F1
:1078D000514670780091390005F030FEC2E77479A6
:1078E000012CC2D135008022683500219200280089
:1078F000FAF748FF184B194A0094F252184B194AEC
:10790000B36693239B00F2509422B3699200B35460
:10791000154A190AB154154A190CB154144A1B0ED0
:10792000B35473690132B354124A190AB154124A5A
:10793000190CB154114A1B0EB3540122B06BF16BF8
:10794000002312184B41290032667366707805F0E7
:10795000F5FD0023737188E76602000055AAFFFF5A
:1079600052526141727241615102000052020000A4
:1079700053020000550200005602000057020000AA
:1079800070B51E0000231500037101225242D31767
:1079900004000266436682B06B1C3ED001232100C6
:1079A00060782A0000936831330005F08DFD0028CF
:1079B00015D1256666664F4BE55CE31858784E4B4B
:1079C000000205439D422BD06823E35C022219008C
:1079D0009143E9290BD0E82B09D0032005E00122CF
:1079E0005242D31704202266636602B070BD73232F
:1079F000E25C230073335B781B0213437522A15CA6
:107A00005A1E1342E9D180229200934235D03B4B5B
:107A1000E818431E98410230E7E7731CBED1CAE75D
:107A200020000B223649683006F046FA00280AD0BA
:107A30006823E35C022219009143E92905D0E82B71
:107A400003D00220D1E70120CFE7200008222D49F2
:107A5000BA3006F031FA00284AD07323E25C2300E2
:107A600073335B781B0213437522A15C5A1E1342C9
:107A7000E7D1802292009342E3D10029C7D04B1E68
:107A80001942C4D17623E15C230076335B781B0274
:107A90000B43BCD07823E35C013B012BB7D879239F
:107AA000E25C230079335B781B021343AFD07B2366
:107AB000E25C23007B335B781B0213437F2B10D8DF
:107AC0002100882388314A78E35C12021A438B78BC
:107AD0001B041A43CB781B061343802252029342A5
:107AE00095D37E23E25CE41863781B0213438ED0A7
:107AF00000207AE76602000055AA0000AB55FFFFA0
:107B00005CED001068ED0010F0B55746DE464E46BD
:107B100045460023E0B5076889B00B60002F00D10F
:107B20007CE1009C019D3E0002E03A2B00D166E121
:107B3000337801361F2BF8D8BA4B009401951B7887
:107B4000B9489B001E58002E00D1C9E101239A4379
:107B50009846337817000E60002B10D0707805F02F
:107B600091FC434603420AD1002F00D13FE1033389
:107B70001F000740034200D139E10A2737E1002303
:107B80007078337005F08AFCC30700D548E1002FF8
:107B900001D04307F1D4002200233000FFF7F0FEAC
:107BA000022800D14EE1042800D197E1012800D934
:107BB0001CE1336E746E00930194012800D109E139
:107BC0007323F15C3300802273335B7892001B02D5
:107BD0000B43934200D009E17E23F25C33007E33F5
:107BE0005C782402144300D17CE178233463F35C95
:107BF0005A1EF370012A00D9F8E07522B15C8A465A
:107C00000A1E718100D1F1E0013A114200D0EDE08D
:107C10003100792279314D78B25C2D0215433581DE
:107C20002A0700D0E2E07B22B15C32007B3252783E
:107C300012020A430CD13000883041788832B25C9D
:107C400009021143827812041143C27812060A43D2
:107C50007621705C3100763149780902014388460B
:107C600000D1C3E063439B462F0947445F44BA42B7
:107C700000D2BBE0D31B180051469946F9F7E0FE4D
:107C80000300D14500D2B1E0684A904200D9ADE08E
:107C9000674A904200D973E3664A904201D900F0E6
:107CA000A6FC0098019902339C464246F3620023E9
:107CB000B063F16312184B41380000210292039324
:107CC00032647364009A019B801859413065716574
:107CD000002D00D18AE0029A039B00215846121819
:107CE0004B41B264F3646346012261465B00634426
:107CF0000A405B089B1801224F498C4663445B0A8B
:107D00009C4273D301235B42B3617361813373710E
:107D100032704A4A138801339BB213800022F380E9
:107D2000474BF26119688E4201D100F022FC1A69BA
:107D3000964201D100F019FC1A6A964201D100F076
:107D400027FC1A6B964201D100F01EFC1A6C964279
:107D500001D100F015FC1A6D964201D100F00CFC27
:107D60001A6E964201D100F033FC1A6F964201D18F
:107D700000F02AFC802299588E4201D100F020FCAC
:107D8000902299588E4201D100F016FCA0229958F9
:107D90008E4201D100F00CFCB02299588E4201D1E4
:107DA00000F002FCC02299588E4201D100F0F8FB8D
:107DB000D02299588E4201D100F0EEFBE022995872
:107DC0008E4200D1CEE3F02299588E4200D197E046
:107DD00000270CE0330031007333A83103E0013396
:107DE0008B4200D190E01A78002AF8D00D27380095
:107DF00009B0F0BCBB46B246A946A046F0BD3B78F0
:107E000000940195303BDCB2092C07D8BC1C0B2731
:107E1000A642ECD1012BEADC066091E60B27E6E7EF
:107E20000327E4E7922F00202C230020F5FFFF0F0B
:107E3000F5FF0000F50F0000FF0100008E2F00206D
:107E400034230020C24BF35CEE2B00D141E1C14B47
:107E5000F018F15C437882781B021943C37812044E
:107E60000A431B061A43BC4BF018F75C4378817831
:107E70001B023B43C77809040B433F061F43B74B24
:107E8000F018F55C437881781B022B43C578090410
:107E90000B432D061D43B24BF018F45C43788178F8
:107EA0001B022343C47809040B4324061C43002A05
:107EB00000D0A8E1002F00D0ADE1002D00D0B3E14B
:107EC000002C00D192E7220000233000FFF758FD7C
:107ED000012800D86DE6042800D087E7012786E74F
:107EE0000C2784E731008C238C31F25C4B78CC7802
:107EF0001B021A438B7824061B041A43144374E6AE
:107F000000210027995072E7D023F15C33008022D2
:107F1000D0335B7852001B020B43934200D065E7DD
:107F2000D423F35C092B00D060E73300B0335A78D8
:107F30001978120211439A7812040A43D978090673
:107F400011435A790C001979120211439A79DB799D
:107F500012040A431B06310013431D00BC23BC312D
:107F60004A78F35C12021A438B781B041A43CB78CD
:107F70001B0613433363D623F35CF370012B00D04D
:107F800034E7D522B25C934099469BB27381002BB3
:107F900000D12BE7C423F25C4B7A1B021A438B7A85
:107FA0001B041343CA7A12061A436E4B90469A4238
:107FB00000D91BE713000233F362009A019BB263FE
:107FC000F3633200C023C032D07851780006070036
:107FD000F35C09020B439178090419430F433A00FB
:107FE000009801990023801859413200306571656D
:107FF000B8325778B833F35C3F023B43977802902E
:1080000003913F041F43D3781B06190039430A002C
:1080100000980199002312184B41326473644B4657
:1080200041461F043F0C794300230A00029803993C
:1080300012184B410098019924184D41AB4200D9C8
:10804000D4E600D1C8E23100C823C8314A78F35CD5
:1080500012021A438B7800251B041A43CB78A846DA
:108060001B061343B364002300243500F36421E0AE
:1080700000230021FAF706FB2A6D6B6D12184B41A5
:108080004646002792197B41296E914200D16DE14D
:108090002800FFF7D5F8002800D01FE701239C46F1
:1080A000E0442B1968331B78812B00D109E220347E
:1080B000E405E40D002CF4D16889404500D895E62C
:1080C000AB6C9A1EEB6A023B9A42D1D3002200238A
:1080D000D6E7336E012B00D14DE1012200233000A1
:1080E000FFF7AEF8002800D0F8E668239B46B344BB
:1080F0000C2258461C4905F0DFFE002800D075E62A
:1081000075227423B25CF35C12021A437623F35C8B
:108110001B041A437723F35C1B0613431900D22276
:108120005C395200914200D960E6B53AFF3A904678
:10813000984478230121994617000C4A4942B144DA
:1081400040469446B0460D004E46773B49E0C04657
:108150002A0200002E0200003E0200004E02000033
:108160005E020000FDFFFF7F88ED00102083B8ED68
:108170006D085108194069404D080B4201D0614615
:108180004D409108194069404D080B4201D06146AD
:108190004D40D108194069404D080B4201D061465D
:1081A0004D401109194069404D080B4201D061460C
:1081B0004D405109194069404D080B4201D06146BC
:1081C0004D409109194069400B4216D14908D20926
:1081D0004A405508134201D0624655400137B84223
:1081E0002BD0032F0DD9F25D190011404D402B42C9
:1081F000BED061466D084D40BBE76446490861400A
:10820000E5E70022F0E700233000FFF7B9FB012883
:1082100000D94FE6CDE43A0000233000FFF7B0FB71
:10822000012800D949E6C4E42A0000233000FFF702
:10823000A7FB012800D943E6BBE446467922782310
:10824000B25CF35C12021A437A23F35CE9431B0429
:108250001A437B23F35C1B061343994200D0C5E508
:108260004146BC23BC314A78F35C12021A438B7836
:108270001B041A43CB781B061343802B00D0B5E5B3
:1082800042463833B832F05C53781B02034390788F
:1082900000040343D07800061843802800D9A5E5E0
:1082A0004346B0335A781978120211439A7812046F
:1082B0000A43D978090611435A79029119791202B1
:1082C00011439A79DB7912040A431B061343039383
:1082D000002800D18AE5C301994600239846DB4B6C
:1082E0009A464346B0461E0014E04046FEF7A8FFFB
:1082F000002800D0F2E5C0277F0037405F441022FD
:108300005146380005F0D8FD002812D08036B1451E
:1083100000D16BE5029A039B00254146740A1219AD
:108320006B41096E9142E0D14146496E9942DCD1E0
:10833000E1E720377B7839781B02BA781943FB785C
:1083400012040A431B0679791A433B79B87909026A
:108350001943FB79000401431B0640460B43FFF71A
:108360000FFB0128D2D84646FFF723FC696E9942DD
:1083700000D08DE692E6736E002B00D0ADE6B4E639
:108380000233F3629C46009801994346029300230E
:10839000020003930B00B063F1630490059102980F
:1083A000039912184B4104980599326473643A009A
:1083B000002312184B41326573659223F25C33003F
:1083C00092335B781B0213431D4300D00EE530004F
:1083D000942394304278F35C12021A4383781B048E
:1083E0001A43C3781B061343B364039B984AF36490
:1083F000634694469B0063445B0A9C4200D2F5E4CA
:1084000001235B42B3617361813373711833F25C92
:10841000330098335B781B021343012B01D00322F6
:1084200076E4012200980199002380185941020046
:108430000B003000FEF704FF0028F0D1854B70716F
:10844000F25CF3185B781B021343834A9342E6D134
:1084500069226823B25CF35C12021A436A23F35C5C
:108460001B041A436B23F35C1B0613437B4A9342A2
:10847000D5D1932293239200B1184A789B00F35CE4
:1084800012021A438B781B041A43CB781B06134342
:10849000734A9342C3D1942294239200B1184A782C
:1084A0009B00F35C12021A438B781B041A43CB78AF
:1084B0001B06134395229200B258B36172610322E6
:1084C00026E42E0068352C19637D227D1B021A4399
:1084D000A37DE47D1B04134324061C43012C00D818
:1084E00084E4F36AA34200D880E47089A11E41436A
:1084F00000230A00306D716D12184B41B265F365AF
:1085000033007F272600A9461C001AE02000FEF752
:1085100097FE002800D0E1E43B004A4633409B0030
:10852000995C4B445A78120211439A78DB78120412
:108530000A431B0613435A1C53D001369E4200D0F7
:1085400054E4206C616CF309049300230593049AAE
:10855000059B12184B41216E9142D7D1616E994211
:10856000D4D1D9E7002199502DE400221A61FFF7F8
:10857000E3FB1A60FFF7DBFB00221A65FFF7F0FB55
:1085800000221A64FFF7E7FB00221A63FFF7DEFB05
:1085900000221A62FFF7D5FB00219950FFF70EFC6D
:1085A00000219950FFF704FC00219950FFF7FAFBD6
:1085B00000219950FFF7F0FB00219950FFF7E6FBEF
:1085C00000219950FFF7DCFB00221A67FFF7D2FB6E
:1085D00000221A66FFF7C9FBA24200D833E5FFF775
:1085E00005FC26000422A3616361FFF791FB0233BF
:1085F0009C4600980199F36243460093002301933F
:10860000009A019B02900391B063F1638018594175
:1086100004900591306471641900029A039B38003C
:108620008018594130657165002D01D1FFF7DEFBDF
:10863000049A059B584601998018594163460222C5
:10864000B064F1645B00FFF757FBC04634EE0010E6
:10865000FF0100006602000055AA0000525261416D
:1086600072724161F0B545464E46DE465746E0B56A
:108670000568866B2B692A6E9846C36B89B0039395
:1086800004006B6E964250D0297900291CD16823D2
:108690009946A94401236878320000934946039B18
:1086A00004F012FF002800D16EE001225242D317DD
:1086B0002A666B6601239B46584609B0F0BCBB4650
:1086C000B246A946A046F0BD682189466739A9444B
:1086D00068788A460091494604F030FF01239B46A2
:1086E0000028E9D12A6E6B6E296B069207930491DC
:1086F000002128710591286C696C121A8B4104982D
:1087000005999942C6D19042C4D9EB78022BC1D1C8
:1087100004980599069A079B12184B4151466878B0
:108720000091494604F00AFFB4E703999942ABD19E
:10873000216C0B78852B24D120224046FAF728F8AB
:1087400043465D78802301356D012A00603A9B0025
:108750009A4216D82000FFF719F88346042810D053
:108760000028A9D12068A26B016EE36B914248D02A
:10877000FEF766FD834600289ED1216C0B78C02B46
:1087800006D002239B4697E7039B2E666B66CFE7D6
:10879000404620222030F9F7FBFF23234246D05CDD
:1087A0000F212C30F9F74CF94001A842E9D898275D
:1087B0004026BF000CE0FEF743FD002854D1216C99
:1087C0000B78C12BDDD1BE4215D32036B5421CD962
:1087D0002000FEF7DBFF83460428D2D0002800D01B
:1087E0006AE72068A26B016EE36B9142E3D1416EB0
:1087F0009942E0D1E3E7434620229819F9F7C8FFF0
:10880000E3E7416E9942B3D1B7E798239B009E42BC
:1088100000D951E74346002259780023013149012C
:10882000022A0ED1424612795808DB03D3181B18CE
:108830009AB243465B795008D2039B1806221B1854
:108840009BB24046805C5C08DB03C3181B190132F5
:108850009BB29142E4D842469178D27812020A4300
:10886000934200D128E78CE7834625E7F0B54546DB
:108870004E46DE4657460368E0B5846BC56B9946A5
:10888000230080468BB02B435CD0FF2308930393D7
:10889000FE3B9B4667334B449A464F4606003A6E72
:1088A0007B6EA24250D03979002952D15B4678784C
:1088B0002200009351462B0004F006FE002812D03F
:1088C00001225242D317B04601203A667B6600224D
:1088D000002341468A63CB630BB0F0BCBB46B24673
:1088E000A946A046F0BD3C667D66336C1A78002A26
:1088F00027D03978042962D03F21D87A0140B1715C
:10890000E52A07D02E2A05D020200C008443082C0D
:1089100000D0A7E0FF23326B0393336899462023EE
:1089200098464B461B789044043B5A425341FE22E2
:108930005B4212051340802292039446634498459B
:1089400012D3B0460420C2E7AB42CED03979002919
:10895000ACD0594678780091514604F0EFFD0028DC
:1089600058D0B0460120B2E7B46BF56B23002B431F
:10897000E7D04346DB05DA0D002B19D10122002395
:10898000A4185D41716BB463F56300291CD14A469C
:10899000434612895B099342D3D2434633634B4625
:1089A0006833336423002B4300D078E7002093E73B
:1089B000434633634B4668339B1833646FE7852A1D
:1089C00000D15DE1326BA8E74B4642465B89520A13
:1089D000013B1A42E1D13000FEF7D6FD012800D854
:1089E0004BE1431CBDD04B46DB6A9842A9D2821EA4
:1089F000023B70639A424ED24B46002158890023B5
:108A0000F9F740FE4B461C6D5D6D24184D41B46373
:108A1000F563C2E73B6B396E7A6E049300230691CF
:108A20000792059313000A003871386C796C121A9A
:108A30008B410021994200D038E70499914200D837
:108A400034E7FB78022B00D030E706980799049AA8
:108A5000059B12184B41594678780091514604F015
:108A60006DFD23E70F2900D088E1313111420BD091
:108A70008A43587B0392326B08903265597B81425E
:108A800017D0FF23039348E703998A4200D041E7B8
:108A9000326B0898F2E73300464698464F46414607
:108AA00000220023683700208A63CB630E630F64C3
:108AB00012E7D97E987E09020143E2D1402019785D
:108AC0005C788143481E410009188900091898788C
:108AD00000022043FF29D4D8FD684C002853A44647
:108AE000DC780695A04645461C7924022C430028D4
:108AF00000D1D4E0481CFF29C3D0069D40002C5271
:108B00005D790990A8469D792D02A94645464846BB
:108B10000543A946002C00D1CAE0FE29B1D0069C2D
:108B20000998A04640444580DC79A04645461C7A19
:108B3000240225434C46A846002C00D1C1E0FD2963
:108B40009FD085805C7AA1464D469C7A24022C43B6
:108B500045460994002D00D1BCE0FC2991D0C48089
:108B60009D7BA946DD7B2D02A8464D464446254304
:108B7000099CA846002C00D1B6E0FB2981D00581D4
:108B80001C7CA1464D465C7C24022C43454609943E
:108B9000002D00D1B1E0FA2900D172E744819D7C1B
:108BA000A946DD7C2D02A8464D4644462543099C36
:108BB000A846002C00D1AAE0F92900D161E78581FF
:108BC0001C7DA1464D465C7D24022C4345460994FC
:108BD000002D00D1A4E0F82900D152E7C4819D7D89
:108BE000A946DD7D2D02A8464D4644462543099CF5
:108BF000A846002C00D19DE0F72900D141E705826D
:108C00001C7EA1464D465C7E24022C4345460994B9
:108C1000002D00D197E0F62900D132E744821D7F74
:108C2000A9465D7F2D02A8464D4644462543099C32
:108C3000A846002C00D190E0F52900D121E78582DB
:108C40009C7FA1464D46DC7F24022C434546002DE7
:108C500000D18AE0F42900D113E7C4821B785B06B7
:108C600000D486E0002C00D183E0F32900D108E78E
:108C70000023069D65446B837BE0B046022026E618
:108C8000326B30003265B046FFF7ECFC002800D0B4
:108C90001DE63B691A793F231340B3711CE6614915
:108CA0008C4200D0EDE69979587909020143894652
:108CB0005C49894500D0E4E6197AD8790902014374
:108CC00088465849884500D0DBE69C7A597A2402C8
:108CD0000C43099453490998884200D0D1E6D97BC6
:108CE000987B0902014388464E49884500D0C8E672
:108CF0005C7C197C24020C4309944A4909988842F7
:108D000000D0BEE6D97C987C0902014388464549DB
:108D1000884500D0B5E65C7D197D24020C4309949A
:108D200040490998884200D0ABE6D97D987D090278
:108D3000014388463B49884500D0A2E65C7E197E07
:108D400024020C43099437490998884200D098E6D8
:108D5000597F187F0902014388463249884500D06F
:108D60008FE6DC7F997F24020C432E4B9C4200D07F
:108D700087E6039B013BDBB20393CEE5039AB04643
:108D8000002A48D119784A08C9010A43597852186B
:108D9000D1B24908D20111439A78C9B28918CAB22E
:108DA0005208C9010A43D978D2B25218D1B249083F
:108DB000D20111431A79C9B28918CAB25208C9013D
:108DC0000A435979D2B25218D1B24908D20111439B
:108DD0009A79C9B28918CAB25208C9010A43D97925
:108DE000D2B25218D1B24908D20111431A7AC9B28B
:108DF0008918CAB25208C9010A43597AD2B2521824
:108E0000D1B29B7A4908D2010A43D318089ADBB23F
:108E1000934200D1CAE5012342465B42002013651C
:108E20005AE5C046FFFF0000F0B557464E4645469E
:108E3000DE46E0B506680F0032780500131F594280
:108E40004B41FE215B4209050B40802189038C4682
:108E500063448FB0BB424BD9FB0649D1836807639B
:108E60009A46002B4CD073895B029B469F4200D2EE
:108E700081E15346012B3BD05B463400B146FF1ADB
:108E8000564632E02378032B00D1A8E05CD8012BB2
:108E900000D1CEE0022B2BD1206C616C330A0293FF
:108EA00000230393029A039B12184B41216E9142B7
:108EB00000D123E12000FEF7C3F900285CD1FF2395
:108EC00076005B001E40A419683466782378360269
:108ED0001E43012E0CD94B46DB6AB34208D9BB4571
:108EE00000D9F8E02C685B46FF1AE36A9E42C9D3BA
:108EF00002200FB0F0BCBB46B246A946A046F0BD6A
:108F0000022A1AD832897B099342F1D2B06CF16CF3
:108F1000A863E96353466B6303000B43E8D0002367
:108F20007A0A801859413300A863E963F905683368
:108F3000C90D591800202964DBE75246B36CC27191
:108F4000002BDFD09A468EE7042BD1D12A696B69BA
:108F50001100194312D0A96800290FD0711A884650
:108F6000E979022900D1D8E003290AD1AB699845F3
:108F700007D20136731CACD10120BAE7EB79002B84
:108F8000B6D1EB69002B00D0DBE0206C616CF309FB
:108F90000C9300230D930C9A0D9B12184B41216EDC
:108FA000914200D1E2E02000FEF74AF90028E3D127
:108FB000FE23B6005B001E40953BA419FF3BE65C18
:108FC0000133E25C0133E35C120232431B041A43B7
:108FD0006B23E65C360616437600760879E7F309DC
:108FE00004930023206C616C0593049A059B12186E
:108FF0004B41216E914200D185E02000FEF720F91F
:109000000028B9D1FE23B6005B001E40953BA41991
:10901000FF3BE65C0133E25C0133E35C1202324366
:109020001B041A436B23E65C3606164336013609E9
:109030004FE773089846206C616CB04443465B0A66
:10904000009300230193009A019B12184B41069252
:109050000793236E9C46636E0B93069B634557D024
:10906000069A079B2000FEF7EBF8002800D083E764
:10907000206C616C236E9C46636E0B93012343440A
:109080009A464346DB05DB0DE31868331B789846A8
:1090900053465B0A089300230993089A099B121808
:1090A0004B41624557D02000FEF7CAF8002800D097
:1090B00062E753464246DB05DB0DE418683423784B
:1090C0001B021343012232401E09002A00D000E790
:1090D0001B051E0DFDE6B2464E465246023B023AC5
:1090E0009A423CD2002370890021F9F7CBFA336D04
:1090F000746DC0186141A863E9630BE7616E994222
:1091000000D0D7E6DBE6616E994200D075E779E7DB
:109110000B9B079A9A42A3D1B0E701204042C117A6
:1091200012184B41D905500A08436289590A002395
:10913000F8F7C4FC804500D9DAE60136804500D056
:1091400018E74B46DB6A002B00DBD1E6BB4514D8A1
:109150002C680C4EC7E60B998B42A4D1A9E70023DB
:109160000022AA63EB6353466B63C1E6616E9942CA
:1091700000D018E71CE7F36AAFE7024B4E469A4669
:10918000014AAFE7FFFFFF7FFDFFFF7FF0B55746C6
:109190004546DE464E460368E0B500221F690500DD
:1091A00000237C7883B0611C4901022A0CD13A79F2
:1091B0005808DB03D3181B189AB27B795008D203E6
:1091C0009B1806221B189BB2B85C5E08DB03C31811
:1091D0009B1901329BB29142E7D8BB701B0AFB700E
:1091E0002800296DFFF720FE8346002800D09CE070
:1091F000AA6BEB6B012128688A46016EA046009796
:10920000914253D0FEF71CF8002856D12022009935
:10921000286CF9F7BDFA53462C6823714346002B9E
:1092200015D023782E6B043B5A425341FE225B42F9
:1092300012051340802292039446203663449E42D6
:109240000DD300230022AA63EB6302239B465846FA
:1092500003B0F0BCBB46B246A946A046F0BDAA6B1F
:10926000EB6B110019435DD0F105C80D8146002953
:109270000DD10021012012184B41696BAA63EB63E9
:10928000019100291FD1208971098142D9D2200082
:109290000099683420310091012149428C46016EC9
:1092A0004C442E632C64E0449142ABD1416E994210
:1092B000ACD0FDF7C5FF0028A8D0031C022827D892
:1092C000DBB29B46C3E76089710A01388446674672
:1092D00020003942DCD128000199FEF755F9012818
:1092E00020D9431C18D0E36A9842AAD2821E023BBE
:1092F00068639A4213D2002300216089F9F7C2F90A
:10930000226D636D12184B41AA63EB632868BFE7B7
:109310000223DBB29B469AE701239B4697E7002294
:109320000023F1E702239B4691E7022800D902209F
:10933000C3B29B468BE7C046F0B5DE4657464E4665
:109340004546E0B5002185B004000768FFF76CFDD5
:10935000834600283FD13B78042B00D150E1FF2108
:10936000012389468A46396E5B422365A26BE36B13
:10937000914257D03800FDF763FF00285AD1256C81
:109380002E78002E25D03F23EA7A1340A371E52ED4
:1093900004D0120750D50F2B00D184E001235B428B
:1093A00023650133FF339A462568266B2B782036D8
:1093B000043B5A425341FE225B4212051340802275
:1093C0009203944663449E420DD300220023A2637D
:1093D000E36304239B46584605B0F0BCBB46B24647
:1093E000A946A046F0BDA26BE36B11001943F0D073
:1093F000F105C80D804600290DD100210120121869
:109400004B41616BA263E3630091002927D1288956
:1094100071098142D9D26835396E45442663256485
:109420009142A7D1796E9942A9D03800FDF708FF83
:109430000028A4D08346CEE70F2B34D05346002B10
:1094400000D188E04F23E35CDB07A7D421000B2287
:109450002800443104F030FD00289FD1BBE7688923
:10946000411E700A0842D6D120000099FEF78CF800
:10947000012800D8BEE0431C00D1BEE0EB6A984250
:10948000A3D2821E023B60639A4200D311E1002303
:1094900000216889F9F7F6F82A6D6B6D12184B41B7
:1094A000A263E363B7E74F224023A25C134200D0DC
:1094B0007AE7334200D197E06A7B9E439146236B63
:1094C0002365FF226B7B92464B4500D06CE7EB7E19
:1094D000AA7E1B02134300D066E7FB682A7800933C
:1094E0003F231340013B5A00D2189200D3187E4A02
:1094F000029792464A4657460121A24601922C0005
:1095000003961D0015E0FF2D1ED83000FDF770FBFF
:109510006B1C9946009B6D008046E85AFDF768FB7E
:10952000804511D131004D46704B01379F4200D12B
:10953000C2E03B78E25CE3185E783602164300290D
:10954000E1D16B4B9E42EFD0019B54469946FF23DD
:10955000029F9A4628E72A785308D20113436A7873
:109560009B18DAB25208DB011A43AB78D2B2D21898
:10957000D3B25B08D2011343EA78DBB29B18DAB2AC
:109580005208DB011A432B79D2B2D218D3B25B084E
:10959000D20113436A79DBB29B18DAB25208DB01BD
:1095A0001A43AB79D2B2D218D3B25B08D2011343BB
:1095B000EA79DBB29B18DAB25208DB011A432B7A44
:1095C000D2B2D218D3B25B08D20113436A7ADBB2AB
:1095D0009B18DAB25208DB011343AA7A9B18DBB25C
:1095E000994500D02EE7F6E6B24500D169E7FF23A2
:1095F0009A46D9E602239B46EDE601239B46EAE61E
:10960000FB6818889D1C002300286AD0A046FF260E
:109610002C001D00FDF7ECFAEB0382B26D08304020
:1096200028181B189BB2DD03120A5B089B18023432
:10963000ED18A31E1888ADB20028EBD14446009562
:10964000A1464846FFF712F9002800D0F2E624228E
:109650003B69995C01329A5C12020A4300998A4282
:10966000EFD123229C5C0026002C1DD0043A40251B
:10967000904600E03B6942462A4200D102355A5DDD
:109680005B19587800021043FDF7B2FAFA687300CC
:109690008246985AFDF7ACFA8245D2D10136F3B230
:1096A00002359C42E6D17600FB689B5B002BC8D15B
:1096B00091E600220023F3E62A002500019B544690
:1096C00099462B78029F039E5B0606D5002904D09D
:1096D0005300009A9B5A002B89D1013EF3B29A465F
:1096E00062E60093ACE7C04644EE001051EE001075
:1096F000FFFF0000F0B55746DE464E464546E0B552
:109700000F0001683B789DB0824604912F2B49D011
:109710005C2B47D00023CA6909788260C3610429A1
:1097200049D1002A47D0049C5646216A626A0091BA
:1097300001922100206A626A089006A8C271FF2087
:10974000009C019D346275620C00896A8243B1629B
:1097500006A806940A920B930D931A91FFF764FBE7
:10976000002800D0C3E006A8FEF77CFF021E00D050
:10977000BDE039203821049B1B69185C595C00024C
:1097800008433A21595C090408433B21595C726142
:1097900009060143316121329A5C02231340F371BF
:1097A00009E001373B782F2BFBD05C2BF9D000234D
:1097B00052469360D3613B781F2B00D8D1E1BB4A5E
:1097C000914652461F2112688B462031D668884642
:1097D000002219E0070014009DB21F2D6FD92F2D14
:1097E00000D18CE05C2D00D189E07F2D06D81904D2
:1097F0004846090C04F09AFB002877D1FE2C75D856
:10980000621C6400A5533B7859B2781C0029E1DA48
:10981000190058468143C02900D18EE019000F205D
:109820008143E02900D19BE0072118008843F028FC
:109830005CD10B40ED38797845460C00AC43802C68
:1098400054D144469B0121401943FB1C9C46BB78E4
:109850001D00A543802D49D14446890123400B4377
:10986000022800D186E1F878454601003C1DA94355
:1098700080293BD127009B012840034319008C48D5
:109880008039814232D880208A49000159188142AA
:109890002CD38021140049028B429DD386498748EE
:1098A000591889019B0501409B0D0B4384495200C7
:1098B0000B43190C9DB2013491531F2D8FD80423F3
:1098C0000093012C29D133882E2B00D1CDE17D4B83
:1098D000E3185B00F3181A88202A01D02E2A43D1FE
:1098E000013C023B002CF6D10023338006201DB042
:1098F000F0BCBB46B246A946A046F0BD01373B7856
:109900002F2BFBD05C2BF9D01F22002500219A427F
:109910004D41AB000093012CD5D0022C00D01CE1AE
:1099200073882E2BD3D133882E2BD0D100235146D0
:10993000654AB3804433CA529DE103407878454676
:109940000400B91CAC43802CD0D128409B010343B8
:109950001800574C8038A042C8D80F0014003BE7CD
:10996000D1390B400D3866E700226300F25230888F
:109970009C46B11C202800D0E8E00D002888130088
:10998000023101322028F8D0023305930322009BD4
:109990001343DBB200936346023BF3181A882E2A66
:1099A00003D0013C023B002CF8D150460B22202171
:1099B0004430F8F7E7FE2B889B46002B5CD0002351
:1099C000039308339846002302934346B0461E0093
:1099D0005D46BB462700059C202D00D19BE02E2D27
:1099E00000D1A6E0029BB3421CD2A74200D1A2E064
:1099F0007F2D00D9FBE02900344804F097FA0028B5
:109A000000D14AE1009B059303235F25059A1A4381
:109A1000D3B20093029B5A1C534444331D700292EC
:109A200023007EE00B2E00D1F8E0A74200D184E0B5
:109A30000323009A1A43D3B20093A74200D37CE0D9
:109A400044235246D25CB0465F46E52A02D15146D5
:109A5000E03ACA544346082B00D18DE00C23039A08
:109A600013400C2B03D0D3439B0700D091E002237B
:109A7000009D1D43EBB200934F2352460099D154F1
:109A80005046FFF759FC4F2253469B5C00281FD0DD
:109A9000042800D02BE7990600D40AE1184238D0F8
:109AA0008023514600208B5421E7C04674ED0010FE
:109AB0007FFF10000028FFFF0000FFFF0000FF03F2
:109AC00000DC00D8FFFFFF7F2E2E000080ED00108D
:109AD0005B0700D50BE753469B79DB0600D4EBE030
:109AE000049B18785346042869D01B6BDA05049B45
:109AF000D20D68339B18DA7E9C7E12022243032823
:109B000005D1197D5B7D1B020B431B041A43534691
:109B10009A603B7855E60323009A1A43D3B2009328
:109B2000230042465C1C5B009D5A002D00D053E789
:109B300086E7A742EFD10B2E70D00822039B0B269D
:109B40009B00DBB2039302923B00EAE7012335005E
:109B500005932E2800D01EE718E7002C00D0B6E6AB
:109B6000C2E651464F2380225046CA540021FFF7D7
:109B70005BF9BCE6674681E6039B9B00DAB2039281
:109B80000C2213400C2B00D171E7009B9B070CD5D6
:109B900072E7009B9B0700D56EE71300DB0704D537
:109BA0001023009D1D43EBB20093039B5B0700D481
:109BB00062E70823009D1D43EBB200935CE79A68BF
:109BC00051461A625246FF2312699A4313005246C5
:109BD000D2791343524653625346126D9A62049BE4
:109BE0001B6918000093FDF7F5FA3B78E9E50223BD
:109BF000B621009A28001343DBB2FF310593FCF72E
:109C0000D7FF0500030619D57F231D40324B5D5D4C
:109C1000002D00D1F8E6059B0093ECE60323009DA0
:109C200052461D43EBB200934423D25C5F46E52AC3
:109C300000D013E75146E03ACA540FE7FF28E7D9AE
:109C4000029A731E934208D9531C52444432010AAB
:109C50001170059AC5B20092DDE60323009A0296C0
:109C60001A43D3B2009323005BE7002351461B4AFB
:109C700073804433CA5251464622194B20258B52D9
:109C8000184A8A644C228B524E232C3ACA54009BA9
:109C90002B431D004F23CD54F2E62B00413B9BB2DA
:109CA000192B0BD80223039AEDB21A430392029B9D
:109CB000B1E6184200D01AE6052018E62B00613BF9
:109CC0009BB2192B04D80123039A203D1A43039217
:109CD000029BEDB29FE6C046B4ED00102E200000BE
:109CE0002020000020202020F0B557464E46DE46BA
:109CF0004546E0B58246894607688FB0002900D006
:109D000095E07B699B46002B5BD101239B46BB6999
:109D1000002B5CD03B78042B00D135E1CB4500D142
:109D200015E1FE6A682398464B465C46B1463E0004
:109D300057469A4601344C454BD35B46012B46D9D6
:109D400002243D68EB6AA34246D92B78032B00D14D
:109D5000C7E04AD8012B00D175E0022B3CD1286C1A
:109D6000696C230A029300230393029A039B12183F
:109D70004B41296E914200D1B7E12800FDF760FA0E
:109D800000281BD1FF22630052001340ED186835F4
:109D90006B782A781B02134300D0CFE0D1463700FE
:109DA000F66AA64218D90122210038005242FDF776
:109DB0000FFB002800D1DFE101280DD1012464420E
:109DC0000BE0FB6A5B45A0D9BB69002BA2D1002444
:109DD00003E03D68012CB5D8012420000FB0F0BC91
:109DE000BB46B246A946A046F0BD042BF4D13A6961
:109DF0007B691100194300D139E1B968002900D10C
:109E000035E1611A0691F979022900D19EE1032911
:109E100000D030E1069BBA69934200D32BE1631C6A
:109E2000002B00D1F9E1013300D08AE0C6E7FDF74D
:109E3000ABFB04000128CFD9431CBFD0FB6A83428F
:109E4000CBD8CB4663E763089946286C696CA1447C
:109E50004B465B0A009300230193009A019B121862
:109E60004B41069207932B6E9C466B6E0B93069BA1
:109E7000634500D133E1069A079B2800FDF7E0F91E
:109E800000289BD1286C696C2B6E9C466B6E0B93E3
:109E90004B465A1CDB05DB0DEB1868331B7806922A
:109EA0009946530A089300230993089A099B1218AC
:109EB0004B41624500D137E12800FDF7C1F9002888
:109EC00000D07BE7069BDB05DB0DED184B466835C4
:109ED0002A7812021A431309E1072CD413051B0D2B
:109EE00029E0E30904930023286C696C0593049A24
:109EF000059B12184B41296E914200D1EAE02800DF
:109F0000FDF79EF9002800D058E7FE22A30052007A
:109F10001340ED184346943AFF3AA95CEB5C090202
:109F200019436A23EA5C0133EB5C120411431B06FC
:109F30000B431B011B09002B00D12FE7012B00D184
:109F40004AE7A34500D142E7F36A9946F2E65B4649
:109F50005C1CFB6AA34200D8022421005046FDF796
:109F600013FB012800D137E7431C00D126E7002866
:109F700000D1DEE07B69FE6A012B00D8D2E69E426A
:109F800000D8CFE69B46CDE65B46FE6A9D1E023EAC
:109F9000B5429B411D402C00B86DF96D230B069313
:109FA00000230793069A079B12184B41396E914282
:109FB00000D1C6E03800FDF743F9002800D0FDE6E7
:109FC000FE6A023E0723012223409A402105D3B2B4
:109FD000C90D9C467B1868331878631C02409E426A
:109FE0001BD9002A1CD09D4200D1F0E662465200E7
:109FF000D2B294460200080061461C00AC4615002F
:10A00000002900D17FE04A00D2B290460A004146C2
:10A0100001332A409E426DD86546002A00D07EE07A
:10A020000234033300D9D8E601230122210038008D
:10A03000FDF75AF9022800D1CEE6012800D1BDE68D
:10A040004B46002B00D0ABE052460233D3710028C0
:10A0500000D0C1E6FB6ABA69023B7C619A4201D832
:10A06000013ABA6101227B7913437B71B5E6FB7932
:10A07000002B00D0B0E6FB69002B00D061E7286C14
:10A08000696CE3090C9300230D930C9A0D9B121835
:10A090004B41296E914200D1AEE02800FDF7D0F887
:10A0A000002800D08AE6FE22A30052001340ED18DB
:10A0B0004346943AFF3AA95CEB5C090219436A23D0
:10A0C000EA5C0133EB5C120411431B060B435B009B
:10A0D0005B0830E7696E994200D010E715E70B9BEB
:10A0E000079A9A4200D0C6E6D2E6696E994200D03D
:10A0F00043E647E6002A93D0634500D167E61C009B
:10A10000002900D07FE7802201309200904200D1E8
:10A1100095E03A18683215780231012278E7002D6F
:10A1200000D154E6002437E70B998B4200D0C3E6F8
:10A13000C8E6002C00D1F4E5012C00D14CE6FE6A03
:10A140002FE6796E994200D034E73BE70120404288
:10A15000C11712184B41D905500A08436A89590A98
:10A160000023F7F7ABFC069A824200D934E6631C61
:10A17000824200D054E6E4E64B46002B00D169E76A
:10A18000012B00D128E6FB6A994500D324E6220082
:10A1900049463800FDF71CF9002800D15AE70BE6C4
:10A1A0005346DB79022B3CD04B460133A34228D0E7
:10A1B0005346DB69002B2DD1524655464E4601339E
:10A1C000D361F01A2200411C012B00D0821C01290E
:10A1D00000D801E62868C36A994200D3FCE5FDF780
:10A1E000F7F8002800D0E7E5EB69013BEB61002BB5
:10A1F000E7D10133EB612DE7696E994200D04CE75E
:10A2000051E75346DA690223002A00D0531C524614
:10A21000D3611CE755464E46D3E737004E46D1463C
:10A22000BFE55B460133A34200D110E753465A46CF
:10A230009B68D31A524693610323D371B4E76546F2
:10A24000AAE6C046F0B5DE46454657464E46E0B55E
:10A2500089B00691002104000568FEF7E5FD8346FC
:10A2600000280AD0042800D105E1584609B0F0BC06
:10A27000BB46B246A946A046F0BDE36B0021984616
:10A2800089464746A66B2A6E6B6E0790B24217D07E
:10A290002979002976D168239846A8440123687853
:10A2A0003200009341463B0003F00EF9002866D0CF
:10A2B00001225242D3172A666B6601239B46D4E7DC
:10A2C000BB42E5D12B78042B4CD0236C1B78E52BBB
:10A2D0004CD0002B4AD00023994620222368944674
:10A2E0009846236B63449A4643461B78043B5A4284
:10A2F0005341FE225B421205134080229203944692
:10A3000063449A4506D300230022A263E363072334
:10A310009B46AAE7A06BE16B03000B4300D1AAE0C8
:10A320005346DB05DA0D9346002B10D100230122A2
:10A3300080185941636BA063E163002B55D14246FD
:10A34000534612895B099342DDD22E6E6F6E5346DF
:10A350002363434668335B443200236406003B00BA
:10A360000F0093E7236C1B787F2BB4D801239C4606
:10A37000069BE1449945B0D1079B9B4675E72E6645
:10A380006F669FE7682188466739A844687800911E
:10A39000414603F0D3F800288FD1296E6A6E2B6BEB
:10A3A0000491059202930023039313000A0028717D
:10A3B000286C696C121A8B410021994200D06DE71C
:10A3C0000299914200D869E7EB78022B00D065E74B
:10A3D00004980599029A039B12184B410121687851
:10A3E0000091414603F0AAF858E742465646528982
:10A3F000760A013A1642A8D119002000FDF7C4F8E8
:10A400000600012831D9431C00D156E74346DB6AD8
:10A41000984217D32000616BFFF766FC061E2AD016
:10A42000012822D0431C00D147E701004046FCF739
:10A43000FDFD002800D040E70422E3791343E371D7
:10A440004346DB6AB21E023B66639A4210D2434621
:10A45000002158890023F8F715F943461A6D5B6D02
:10A4600080185941A063E1636FE702239B46FCE635
:10A4700000200021F6E707239B46F6E6F0B5DE460E
:10A4800057464E4645464F23E0B5C35C9DB01A0083
:10A4900002935F2304009A4300D0E7E20368DA687E
:10A4A00099461388002B01D100F0C9FC0023013329
:10A4B0005900515A0029FAD198464B461E78042E6D
:10A4C00000D1C7E344239C46A444614663460191FE
:10A4D00006AA61CB61C2029BDB0700D464E14F2373
:10A4E0004022E254634606AA03CA03C311880F261A
:10A4F000198092789A70012342469B460092300060
:10A500001840020030321909392A00D9073204A84C
:10A51000C2710F2B00D836E335000D402A003032CF
:10A52000180A392A00D9073204ADAA710F2900D8B8
:10A53000D8E2350005402A003032190B392A00D9FB
:10A54000073204AD6A710F2801D800F0D1FC350044
:10A550000D402A003032180C392A00D9073204ADD8
:10A560002A710F2900D842E3350005402A00303215
:10A57000190D392A00D9073204ADEA700F2800D826
:10A580003FE330000840020030321B0E392A00D968
:10A59000073204A882700F2900D843E333401A0021
:10A5A0003032392A01D937331A0004AB5A707E236E
:10A5B00004A90B7044216354393BE2544239433BB4
:10A5C000581C824604A8405C019D4A1CE854072B95
:10A5D00034D0082A00D158E29F1CBC4604AFBA5CB4
:10A5E0005746881CEA55062B28D0082800D15FE280
:10A5F000DF1CBA4604AF385C6746CA1CE855052B19
:10A600001CD0082A00D15BE21F1DBC4604AFBA5C17
:10A610005746081DEA55042B10D0082800D157E2F0
:10A62000624604AB1B5CAB546346062A06D11A3360
:10A63000022901D104ABDB794B22A3542000FEF7A1
:10A640007BFE002800D0A6E05B4601339B46642BCE
:10A6500001D100F045FC4B46D968019B06AA21CAEE
:10A6600021C31088188092789A705A465B46052A52
:10A6700000D844E70A88002A00D140E78B1C9A469C
:10A68000594601234F001340DF1953089C46009B95
:10A690008021984601206346A44654467E4D4902D7
:10A6A0007F000340DB1997080B4200D06B405B0032
:10A6B0000740FF18D3080F4200D06F407F000340CF
:10A6C000DB1917090B4200D06B405B000740FF18F5
:10A6D00053090F4200D06F407F000340DB199709F8
:10A6E0000B4200D06B405B000740FF18D3090F42BC
:10A6F00000D06F407F000340DB19170A0B4200D0E7
:10A700006B405B000740FF18530A0F4200D06F40B8
:10A710007F000340DB19970A0B4200D06B405B00BF
:10A720000740FF18D30A0F4200D06F407F0003405C
:10A73000DB19170B0B4200D06B405B000740FF1882
:10A74000530B0F4200D06F407F000340DB19970B83
:10A750000B4200D06B405B000740FF18D20B0F424A
:10A7600000D06F407F00D7190F4200D06F40228881
:10A77000002A00D184E103007F001340DF19023476
:10A7800053080F428CD06F407F000340DB199708BD
:10A790000B428CD08AE7009A82469046042800D06B
:10A7A00066E14F23029AE254029B9B0700D4F3E137
:10A7B00046460C360D213000F7F742F9411C0700E0
:10A7C0002000FFF73FFD8246002800D050E10C2E0C
:10A7D00000D1E9E17B011900236B2000591AFEF733
:10A7E00023FB8246031E00D042E14433E25CFF2695
:10A7F0005308D20113434522A25C4D469B18DAB29E
:10A800005208DB011A434623E35CD2B2D218D3B21A
:10A810005B08D20113434722A25CDBB29B18DAB279
:10A820005208DB011A434823E35CD2B2D218D3B2F8
:10A830005B08D20113434922A25CDBB29B18DAB257
:10A840005208DB011A434A23E35CD2B2D218D3B2D6
:10A850005B08D20113434B22A25CDBB29B18DAB235
:10A860005208DB011A434C23E35CD2B2D218D3B2B4
:10A870005B08D20113434D22A25CDBB29B18DAB213
:10A880005208DB0113434E22A25C02979B18DBB2F5
:10A890000393002398462DE021100100DE701E7105
:10A8A0005E719E71DE711E725E729E729E73DE73A9
:10A8B0001E745E749E74DE741E755E759E75DE7504
:10A8C0001E765E761E775E779E77DE776146402243
:10A8D00011438C4662461A70012320002B71FCF74D
:10A8E00055FF002800D0FEE2029B013B0293002BA3
:10A8F00000D10FE3A26B296EE36B914200D1EAE233
:10A900002800FCF79DFC002800D0ECE2029F236C9D
:10A91000FAB29446039AE9685A730F223000DA7249
:10A920004246384001381A739A76DA764200121895
:10A930009200121850008146085A82465870000A48
:10A94000987050460028A9D0C0488245A6D0013250
:10A9500052008F5ABA46DF703F0A1F715746002FC8
:10A960009ED082459CD08A185788BA465F713F0AAC
:10A970009F715746002F95D0824593D09788BA464D
:10A98000DF713F0A1F725746002F8DD082458BD052
:10A99000D788BA465F723F0A9F725746002F85D00C
:10A9A000824500D182E7108982469873000AD873E5
:10A9B0005046002800D17BE7A448824500D177E7C4
:10A9C0005789BA461F743F0A5F745746002F00D15B
:10A9D00070E7824500D16DE79789BA469F743F0AB8
:10A9E000DF745746002F00D166E7824500D163E748
:10A9F000D789BA461F753F0A5F755746002F00D1A9
:10AA00005CE7824500D159E7178ABA469F753F0A2D
:10AA1000DF755746002F00D152E7824500D14FE73E
:10AA2000508A070A18765F76002800D14AE7874FD8
:10AA3000BA46B84200D145E7908A070A18775F778F
:10AA4000002800D140E7504500D13DE7D28A100AE6
:10AA50009A77D877013A7E4892B2824200D935E798
:10AA600049444A8B002A00D034E72FE706239A4650
:10AA700050461DB0F0BCBB46B246A946A046F0BD4C
:10AA80004346644600933B0039E5290020225546A1
:10AA9000981C4A55062B00D1D0E5431C0122082BF7
:10AAA0001DD9019B20219C466044F7F76BFEC5E54C
:10AAB000290020226546D81C4A55052BEDD1BDE55D
:10AAC000290020225546181D4A55042BE5D1B5E52D
:10AAD000604620222A540720022B00D0AEE508232E
:10AAE0001A1ADEE77E2304AA53713A3BE35C05227F
:10AAF000202B00D105E24523E35C202B00D103E2AB
:10AB00004623E35C202B00D19DE0032A1AD0472383
:10AB1000E35C202B16D0042A32D04823E35C202BA0
:10AB20002ED0062A00D083E14923E35C202B00D1FC
:10AB300082E14A2204AB9B79A35404ABDB79019AEE
:10AB4000D3717BE503239C4604ADA846924661463B
:10AB500004ABC2449B5C01985546435463466D78F0
:10AB60006044911C02334570062A00D028E56246F5
:10AB7000D01C20220199CA546346052B8DD15DE576
:10AB800004239C46E0E77E2304AA93713A3BE35CEE
:10AB90000622202BAFD1B4E101212000FFF752FBA8
:10ABA0008246002800D063E74946A26B096EE36B3A
:10ABB000914243D04846FCF743FB8246002800D030
:10ABC00056E720220021206CF7F7DCFD0B220199CB
:10ABD000206CF7F7DDFD4F23E15C226C373B0B4027
:10ABE000137301234A46137100239A4640E77E23DC
:10ABF00004AAD3703A3BE35C0322202B00D07AE70F
:10AC00007FE17E2304AA93703A3BE35C202B00D1C2
:10AC100082E14523E35C0222203B591E8B41013334
:10AC20009C4691E77E2304AA53703A3BE35C203BA9
:10AC30001A00531E9A419446012285E74946496EFF
:10AC40009942B7D1BDE702239C467DE7FFFF000094
:10AC5000FDFF000040460F210E30F6F7F1FE811C8B
:10AC600005002000FFF7EEFA8246002800D0FFE63C
:10AC7000236B01356D015D1BE37925651E4200D113
:10AC80008BE0B343E371032B00D1DBE0E369656B39
:10AC9000002B17D0EA1A511C012B00D125E10232FA
:10ACA000012900D8EBE02068C36A994200D3E6E0AE
:10ACB000FCF78EFB002800D015E1E369013BE3615E
:10ACC000002BE7D1A368002B67D0FF22236806ADD5
:10ACD0000693236A28000893636AEB7193430A93EF
:10ACE00000230B930D93A36A19001A93FEF79CF8A7
:10ACF000002800D0F7E02800FDF7B4FC002800D0C1
:10AD0000F1E04B46598900234A0216002069616927
:10AD10001F004B4636184F4138201969266167617C
:10AD20000E5439203200360A0E543A20160C0E54B6
:10AD3000100E3B223F23885401328F54380A0132CF
:10AD40008854380C013288543A0ECA544B46282095
:10AD500022691969160A63690A5401300E54160CE7
:10AD600001300E54120E01300A542C22180A8B5452
:10AD700001328854180C013288541B0E01328B5456
:10AD80000122E379494613432122096928008B54A3
:10AD9000FEF7FCF9002800D0A5E04B461C694022D4
:10ADA00000212000DD68F7F7EDFC8523C022601C40
:10ADB00080461F202370653BE254002300270021BA
:10ADC00084469946BF3A4033C126E6540026581CB3
:10ADD0002654023301970AE06818834600260020B3
:10ADE000E6544646F05460460233184216D0002A14
:10ADF000F2D06A1893466A5A002A43D0D6B2E65473
:10AE00004646100AF0546046019F02330137F9B2FA
:10AE1000019149006F18BB461842E8D15E4648468A
:10AE200036880130019FC0B2002E2ED08146CBE77C
:10AE3000052305229C4687E61B3B9C4684E60023AF
:10AE4000FFF73AFBA369A568002B69D0012D16D93D
:10AE50002068EB185E1EC36A6F1CAB420FD93A0024
:10AE60002900FCF7B5FA00283DD1B54258D0012F92
:10AE700005D93D0020686F1CC36AAB42EFD802239E
:10AE80009A46F5E500200026AAE72323E7544B461F
:10AE9000023363702888AB1C002838D01D00FF27C0
:10AEA000FBF7A6FEF30382B27608384030181B1871
:10AEB0009BB2DE03120A5B089B180235F618AB1E24
:10AEC0001888B6B20028EBD1F3B2360A2422A35474
:10AED0002523E654CCE5696E994200D010E515E5CE
:10AEE0005D3B9A46C4E58246C2E501225242D7E65E
:10AEF0007E2304AA13713A3BE35C0422202B00D08A
:10AF0000F9E500239C461FE61F3B9C461CE60026F5
:10AF10000023DBE7A94647E6002302229C4613E60E
:10AF20000023E371B2E6C046F0B5DE4657464E4612
:10AF30004546E0B589460700934604688FB001296D
:10AF400042D9E36A8B423FD9002A34D125006822D6
:10AF500092465A46A846BB464D464F4691469D42AC
:10AF600032D243461B78032B00D1B7E034D8012BF3
:10AF700061D0022B28D12B0A029300234146039370
:10AF8000086C496C029A039B12184B414146096EAA
:10AF9000914200D134E14046FCF752F900283DD1FE
:10AFA000FF226B0052001340434468335E781A78E6
:10AFB00036021643BCE02278042A00D189E05A46C2
:10AFC000012A01D05B452BD802200FB0F0BCBB4654
:10AFD000B246A946A046F0BD042BF5D15B461A69DE
:10AFE0005B691100194300D1D1E059468E68002EEB
:10AFF00000D1CCE0C979AE1B022900D10CE10329B4
:10B0000000D0C9E05B469B699E4200D3C4E06E1C41
:10B01000002E00D125E1731C00D08FE00120D4E781
:10B020000122594620005242FCF7D2F90028CCD127
:10B030003D68EB6A8BE743466E087619186C596CCD
:10B04000730A009300230193009A019B12184B414D
:10B050000692079342464346526E1B6E9446069AEA
:10B060000B939A4200D1C6E0069A079B4046FCF734
:10B07000E7F80028D2D14346186C596C1B6E0B932D
:10B0800043465B6E9C46F305DB0D4344721C6833FC
:10B090001E78530A0893002309930692089A099B85
:10B0A00012184B410B998A4200D1FCE04046FCF754
:10B0B000C7F80028B2D1069BDB05DB0D434468339B
:10B0C0001B781B0233431E09EA0731D41B051E0DF2
:10B0D0002EE0C279022A00D071E737E7EB0904932A
:10B0E000002341460593086C496C049A059B12188D
:10B0F0004B414146096E914200D187E04046FCF742
:10B100009FF800288AD1FE22AB005200134052461D
:10B1100043449E5C69226A219A5C595C1202324364
:10B1200009040A436B215E5C360616433601360974
:10B13000002E00D195E0012E00D145E72378042BA5
:10B140000BD0E36AAB4200D83EE700222900200082
:10B15000FCF73EF9002800D037E7E16AA3698A1EB0
:10B16000934205D201220133A361637913436371D2
:10B170000135B54203D02378042B66D037008E42C8
:10B180006FD25B461B6835009846DB6AE7E65B4694
:10B19000DB79002B00D017E75B46DB69002B4ED133
:10B1A000EB090C93002341460D93086C496C0C9AF3
:10B1B0000D9B12184B414146096E914277D0404693
:10B1C000FCF73EF8002800D028E7FE22AB00520032
:10B1D0001340524643449E5C69226A219A5C595C42
:10B1E0001202324309040A436B215E5C36061643A1
:10B1F000760076089CE7079B634500D034E742E77A
:10B200004146496E994200D0C5E6C9E64146496EBD
:10B21000994200D072E776E701204042C117121828
:10B220004B41D905500A0843590A43465A8900231D
:10B23000F6F744FC864200D9C6E600D0E7E623785C
:10B24000234E042B00D07CE787E700233900200041
:10B25000EA1BFCF749F8002800D0B6E63700E16A9F
:10B260008DE723785F46042B01D00020ADE64B46E6
:10B27000002B15D0FB79002B1ED14D46BC680CE08D
:10B2800021003800FCF780F9012800D89CE6431C17
:10B2900000D1C3E601348442E7D1AC42F0D10223AD
:10B2A0000020FB7191E6634500D0FFE603E74146CD
:10B2B000496E994283D188E7032BD6D1BB684B45B1
:10B2C000D3D8BA69944663444B45CED30223E7E70B
:10B2D000FFFFFF7FF0B583B001900091081E00D101
:10B2E000D3E00C0001E03A2B63D0237801341F2B0C
:10B2F000F9D8674B1D782B00664C9800215800291F
:10B3000045D00026644B26501F68B94260D01E69A4
:10B31000B14261D01E6AB14263D01E6BB14265D0AA
:10B320001E6CB14267D01E6DB14269D01E6EB14233
:10B3300000D16BE01E6FB14200D16DE080269F59B5
:10B34000B94200D16FE090269F59B94200D171E017
:10B35000A0269F59B94200D173E0B0269F59B94247
:10B3600000D175E0C0269F59B94200D177E0D026C0
:10B370009F59B94200D179E0E0269F59B94200D1E6
:10B380007BE0F0269F59B9421FD000230B70019B30
:10B39000002B03D000215D70197023500020002A7B
:10B3A00001D103B0F0BD0022684601A9FCF7ACFB57
:10B3B000F7E70378303BDDB2092D66D8811C0B20FE
:10B3C0008C42EED1012BECDC96E700279F51DCE7A5
:10B3D0001E601E69B1429DD100261E611E6AB142E7
:10B3E0009BD100261E621E6BB14299D100261E63BE
:10B3F0001E6CB14297D100261E641E6DB14295D1DC
:10B4000000261E651E6EB14200D093E700261E6620
:10B410001E6FB14200D091E700261E6780269F591B
:10B42000B94200D08FE700279F5190269F59B9421B
:10B4300000D08DE700279F51A0269F59B94200D028
:10B440008BE700279F51B0269F59B94200D089E76A
:10B4500000279F51C0269F59B94200D087E7002797
:10B460009F51D0269F59B94200D085E700279F51B0
:10B47000E0269F59B94200D083E700279F51F0266C
:10B480009F59B94200D080E79FE70B2089E7C0466B
:10B49000922F00202C23002034230020F0B54E46AC
:10B4A0004546DE465746E0B59FB0804616000591FA
:10B4B000002800D1D2E03F2515402A0007A905A8A1
:10B4C000FCF722FB071E0AD0002342461360380017
:10B4D0001FB0F0BCBB46B246A946A046F0BD8C20CA
:10B4E000079BC0000893FBF75BFB8246002800D156
:10B4F000B6E08022079B92005244D86005991A61F9
:10B5000008A8FEF7F7F8041E00D09EE018214F238C
:10B5100002AA5218D35C7F2B00D9A5E00123290091
:10B520000A9A99439146149A089B9446984A14683B
:10B530009346002C00D195E000229C4200D176E297
:10B540005C462469002C00D11AE29C4200D17AE2C8
:10B550005C46246A002C00D114E29C4200D18AE2AD
:10B560005C46246B002C00D110E29C4200D176E2B4
:10B570005C46246C002C00D106E2A34200D186E296
:10B580005C46246D002C00D102E2A34200D18DE282
:10B590005C46246E002C00D1FCE1A34200D19DE268
:10B5A0005C46246F002C00D1F8E1A34200D189E26F
:10B5B000802458460459002C00D1EDE19C4200D172
:10B5C00098E2902458460459002C00D1E8E1A342A7
:10B5D00000D19BE2A02458460459002C00D1E1E19F
:10B5E000A34200D19EE2B02458460459002C00D159
:10B5F000DAE19C4200D1A1E2C02458460459002C53
:10B6000000D1D3E1A34200D1A4E2D024584604598A
:10B61000002C00D1CCE1A34200D1A7E2E02458469F
:10B620000459002C25D09C4200D1ABE2F0245846AE
:10B630000459002C2CD09C4200D1BBE1002A27D118
:10B640005046FBF7B1FA12273EE71C23334200D0E5
:10B65000A0E05046FBF7A8FA270035E7092736E7B0
:10B66000112734E701226BE75046FBF79DFA0637B6
:10B670002AE7F0228258002A0AD09A4208D1F423FD
:10B68000C358994504D1F823C3589C4500D19BE188
:10B690001C2333420DD0112202AB9B7F1A4200D0F3
:10B6A00069E1730700D4B8E15046FBF77DFA08273B
:10B6B0000AE702AB9B7FDA0600D5B3E1B20702D5F9
:10B6C000DB0700D557E108220798164000D009E1B2
:10B6D0000123290099434246036E446E1365546565
:10B6E000189B08A802934346029A9A654B1E9941FB
:10B6F000FBF7DAFA4346D862002804D15046FBF73C
:10B7000053FA0227E0E6079C2178042900D16BE177
:10B71000189BDA7E987E12020243032905D1597DD7
:10B720001E7D0902314309040A4341468A605A7F5B
:10B73000187F120210434246997FDB7F09040143C0
:10B740001B060B431361002353610023424641460D
:10B75000D3651460E2888A8030228D5401328B5484
:10B76000002200238A64CB648A63CB636023802237
:10B7700043441800002192009946F7F703F8AB06FE
:10B7800000D5B5E05046FBF70FFA00279FE6C0460C
:10B7900034230020042800D05BE7C34B9B461B6882
:10B7A000002B3ED05B461B69002B3AD05B461B6AE0
:10B7B000002B36D05B461B6B002B32D05B461B6CDC
:10B7C000002B2ED05B461B6D002B2AD05B461B6ED8
:10B7D000002B26D05B461B6F002B22D080235A46BD
:10B7E000D358002B1DD09023D358002B19D0A02361
:10B7F000D358002B15D0B023D358002B11D0C02321
:10B80000D358002B0DD0D023D358002B09D0E023E0
:10B81000D358002B05D0F023D3581224002B00D08E
:10B8200017E708A8FEF72AFE082304001D43002896
:10B8300000D00EE7079B1A78042A00D1D4E101F06A
:10B84000D5FE189B010A020CC4B2C9B2D2B2000ED6
:10B85000D97358749C731A74189BD97558769C7553
:10B860001A76189B0798DE7E997E027836020E4380
:10B87000032A05D15A7D197D12020A431204164388
:10B880002022DA720022189B9A76DA760178032950
:10B8900001D11A755A750022189B1A775A779A7730
:10B8A000DA7701230371002E1CD0426E036E91469D
:10B8B0003100002208A80293FFF736FB041E00D0D7
:10B8C000C7E60798029B026E9A4200D1E8E14B4618
:10B8D000029AFBF7B5FC04000798013E4661002C74
:10B8E00000D0B6E640231D4329003F3B9943F2E6D2
:10B8F00043461D695E692B00334338D043469D6340
:10B90000DE63628999685302029300230393002E39
:10B9100009D1B8E1431C28D0029B039CED1AA64133
:10B92000A64200D83AE14046FBF72EFE010001286E
:10B93000F0D8022443461964DB6A013B0F2B00D97F
:10B9400087E65A4680201B01D118CA68400082420F
:10B9500000D17BE1002A04D0013ACA60002A00D05D
:10B9600077E600225946CA5073E60124E2E75046C2
:10B97000FBF71AF9ABE55046FBF716F90727A3E5E5
:10B980000122E5E50122EBE50122F9E50122EFE5DF
:10B990000122FDE5012203E6012212E6012207E66B
:10B9A000012217E601221EE6012225E601222CE6ED
:10B9B000012233E6F423C3584B4500D03EE6F8237A
:10B9C000C358634500D039E60F23002907D18022F0
:10B9D0001B015B44DB685200934200D058E650469E
:10B9E000FBF7E2F810276FE50A9B206902934346B4
:10B9F000029A41461A620C9B0293FF23029A9A43D1
:10BA0000130002AAD27F13434246536243461C9A54
:10BA10009A62FBF7DFFB079C97E6330700D509E73F
:10BA2000079858E65046FBF7BFF804274CE5584600
:10BA30004068484500D083E558468068604500D09E
:10BA40007EE50023C1E758464069484500D07FE5C0
:10BA500058468069604500D07AE50123B5E758462D
:10BA6000406B484500D083E55846806B604500D068
:10BA70007EE50323A9E75846406A484500D06FE5B4
:10BA80005846806A604500D06AE502239DE7584623
:10BA9000406C814500D073E55846806C844500D0E9
:10BAA0006EE5042391E7C046342300205846406DDC
:10BAB000814500D06CE55846806D844500D067E52F
:10BAC000052382E75846406F814500D070E558460F
:10BAD000806F604500D06BE5072376E75846406EDF
:10BAE000814500D05CE55846806E844500D057E51E
:10BAF00006236AE7842404594C4500D061E5882474
:10BB00000459644500D05CE508235EE79424045999
:10BB10004C4500D05EE598240459A44500D059E571
:10BB2000092352E7A4240459A14500D05BE5A824C9
:10BB30000459A44500D056E50A2346E7B424045925
:10BB4000A14500D058E5B8240459A44500D053E5D8
:10BB50000B233AE7C4240459A14500D055E5C82475
:10BB60000459A44500D050E50C232EE7D4240459F1
:10BB7000A14500D052E5D8240459A44500D04DE594
:10BB80000D2322E7E42404594C4500D04EE5E82477
:10BB90000459644500D049E50E2316E7029B039C37
:10BBA000A64202D19D4200D9BDE643461964EB0589
:10BBB00000D1DCE6079C8A1EE36A023B9A420BD264
:10BBC000002300216089F6F75DFD226D636D80180A
:10BBD000594103000B433CD14346DB6A0224013B3D
:10BBE0000F2B00D8ADE634E5424618691360414694
:10BBF000FBF7F0FA079B1E22186900210230F6F7C6
:10BC0000C1FD079C002120691A222630F6F7BAFDF3
:10BC1000202322691371246901F0E8FC030A63728E
:10BC2000030C2072A372000E079BE0721A690121B7
:10BC3000212308A8D154FDF7A9FA041E00D008E575
:10BC400043469968002920D107984BE60022CA6034
:10BC500087E6F7056A0A3A43730A12184B414146D0
:10BC60008A64CB64012160780091494601F02CFC84
:10BC7000071E00D17BE64346DB6A0124013B0F2B04
:10BC800000D85EE6E5E4029B8CE700224046FFF721
:10BC90004BF943469B6804000798013B43611EE64D
:10BCA000436E4B4500D012E6013E46611AE6C0469F
:10BCB000F0B5DE46574645464E46E0B51D0000232A
:10BCC00004008B4692468DB02B60002809D0036893
:10BCD000002B06D01A78002A03D08188DA88914296
:10BCE00009D00923984640460DB0F0BCBB46B24689
:10BCF000A946A046F0BD587801F0C4FBC307F0D4B4
:10BD00003123E35C9846002BEDD13033E35C9A0796
:10BD100000D421E1226891461278042A06D05146C7
:10BD2000A26B51188A4201D9D24392465246002A48
:10BD300000D193E0A26BE36B484641465746A946C3
:10BD40000B910390D00500D092E0039DD905500AD5
:10BD500008436E890500013E3540A846590A304225
:10BD600011D11A4300D0B3E0A068002800D108E147
:10BD7000012800D193E0431C00D1E7E0A3682064D0
:10BD8000002B00D1A0603023E35C7F2B00D9BAE008
:10BD9000236C039D9A1EEB6A023B9A4200D37EE01D
:10BDA0006B8900219A4600235046F6F76BFC2A6DFA
:10BDB0006B6D8018594103000B4370D043460893C4
:10BDC00000230993089A099B12184B410692079386
:10BDD00080239B009F4268D37A0A4346944663447B
:10BDE0000A92534503D9534642469B1A0A93039B32
:10BDF000594658780A9B0093069A079B01F09EFBD0
:10BE0000002800D0A2E0A56CE66C0699079A6D1A8E
:10BE10009641B04200D1B9E00A9B5E024B46A06B4E
:10BE2000E16B4A461B6804969B1913600023059337
:10BE3000049A059B12184B416169A263E363206970
:10BE4000BF1BB3448B4210D80DD020616161002F1D
:10BE500000D077E70B9B98463023E35C40221343E6
:10BE60003022A3543FE78242EFD910001900ECE7DB
:10BE700060239846A0448023C00D9B003E001B1AFF
:10BE80009F4200D91E00320059464044F6F780FC1C
:10BE900030228021A35C49420B43A354BEE73123E7
:10BEA0000222E2542F3B98461DE7A36C069A934268
:10BEB00055D0A26BE36B6169994239D835D06021C6
:10BEC0008846A04406980799A064E164D005D2E7AB
:10BED000E36D9A46002B4CD01E1D23685A8900231F
:10BEE000F5F7ECFD53465B68002BB3D0039D04E0EF
:10BEF0000836C01A3368002BACD09842F8D2736869
:10BF00000395C01839E0039B210058780123603164
:10BF10000093A26CE36C01F011FB002816D13021D4
:10BF20007F23625C1340635432E721699142C6D992
:10BF300060239846039BA044587801234146009310
:10BF4000069A079B01F0C0FA00280FD03123012286
:10BF5000E254303B9846C6E607239846C3E6E36CB6
:10BF6000079A9342A5D160239846A044A26BE36B45
:10BF7000A8E72000216CFDF7B7FE002800D0F7E607
:10BF800068E700212000FDF7AFFEF6E70A99A94215
:10BF900000D841E7802220006902594492006030B5
:10BFA000F6F7F6FB30217F23625C1340635433E7DE
:10BFB000F0B5D6464F464646C0B5040098B00028B6
:10BFC00009D00368002B06D01A78002A03D0818894
:10BFD000DA88914207D00925280018B0E0BCBA469B
:10BFE000B146A846F0BD587801F04CFA0121014253
:10BFF000F1D1402230261500A35D1D401A42EBD03E
:10C000005BB22768002B40DB01F0F0FA3B780600BA
:10C01000042B4AD0226D396E636D914200D1B8E095
:10C020003800FBF70DF9051ED6D12021A36DDA7A71
:10C030000A43DA72A268206891B2090A9A76D97620
:10C040000178032903D1120C1A75120A5A75226954
:10C050009E75110A1A775977110C120EDA77320A87
:10C06000DA75320C1A760022360E99779A74DA74E1
:10C070005E76012338003B71FBF7ECFB3022402158
:10C08000A35C05008B43A354A6E7787800912100B8
:10C09000A26CE36C603101F051FA002800D080E01E
:10C0A0007F23A25D1340A355AEE7E379032B46D06F
:10C0B000236C9846E369002B15D04246D21A511CD6
:10C0C000012B6BD00232012961D92068C36A9942E1
:10C0D0005DD2FBF77DF9051E00D07DE7E369013BEA
:10C0E000E361002BE9D18C20C000FAF759FD8146AD
:10C0F000002800D1CDE04B46FB6080239B004B44E1
:10C100003B6102AB98462368226A029343469A60D9
:10C110004246636A4046D371FF229343424613610D
:10C1200000235361D3614346A26A11001A65FCF7EC
:10C130007BFE051E37D04846FAF736FD4CE7A3686C
:10C140009846A369002B00D1A5E04246012A1ED9DA
:10C150004344013B99460123206843449A46C36AFD
:10C16000434514D952464146FBF732F9051E00D02B
:10C1700032E7C14500D18EE05346012B07D9D046A6
:10C180000123206843449A46C36A4345EAD80225FE
:10C1900022E7796E994200D042E746E701225242F7
:10C1A00091E7012518E74046FCF75CFA051EC2D16D
:10C1B00020213A6913790B4313710122E37939691C
:10C1C000134321228B543421A3683A69180A53542B
:10C1D00001315054180C0131505438201B0E0131DC
:10C1E000535421693B6962691954080A844692468E
:10C1F000392062461A540A0C01301A54090E0130D3
:10C20000195452463C21100A5A5401315854100C0A
:10C21000013158542820120E01315A5421693B69CA
:10C2200062691954080A84469246292062461A54C3
:10C230000A0C01301A54090E0130195452462C21AF
:10C24000100A5A5401315854100C01315854120E2E
:10C2500001315A543B69320A1E735A73320C360E3E
:10C260009A73DE733B6940465D753B691D745D746E
:10C270009D74DD74FCF78AFF051E00D05BE7380073
:10C28000FBF7E8FA30224021A35C05008B43A3545E
:10C2900051E71125A0E60023E37109E770B504001A
:10C2A000FFF786FE002800D070BD002C09D023685F
:10C2B000002B06D01A78002A03D0A188DA88914290
:10C2C00001D00920F0E7587801F0DCF801220300E2
:10C2D000100018401A42F4D1E36A013B0F2B14D826
:10C2E00080260B491B01CD18EA687600B24208D0BF
:10C2F000002A07D0013AEA60002A03D00023236015
:10C30000D2E7E8600022CA50F8E70220CCE7C04636
:10C310003423002010B5436819691868FAF7E4FB64
:10C3200010BDC04610B5436802491868FAF7DCFB37
:10C3300010BDC046801A0600F0B501252B008268AA
:10C34000D027934083B03F067B61FF266B46DE71AA
:10C350004368040018686B460122D91D01F0B8FE3D
:10C36000A36801229D406B46BD61DE716368186859
:10C370006B46D91D01F0ACFE03B0F0BD10B5040052
:10C3800082B0406800F07EF80123A2689340D0227A
:10C39000120693616B46D91DFF230B70636801225F
:10C3A000186801F095FE02B010BDC04601238268F6
:10C3B00010B59340D02282B0120653616B46D91D4E
:10C3C000FF2304000B7043680122186801F080FE0F
:10C3D000606800F05DF802B010BDC04610B540685E
:10C3E00001F09EFE10BDC04600B585B06A460B0048
:10C3F000D371FF23D11DD3730F22FE3B6A444068E3
:10C4000001F08EFE6B46D87B05B000BD012381682C
:10C41000D0228B40F0B51206576885B05361FF21DA
:10C420000A220600FA2401A81F400025F6F7AAF9FF
:10C43000F4F770FFA40024184D41002D1CDB0A23E3
:10C44000002201A9706801F06BFEF4F763FF22007F
:10C450002B00121A8B41002BF1DC01D1002AEED106
:10C460000123B2689340D0221206002F02D05361FC
:10C4700005B0F0BD9361FBE70124014D6442DEE7A6
:10C48000FFFFFF7F10B53C3001F05AFE10BDC046E3
:10C4900010B53C3001F0E4FD10BDC046F8B55D4D6F
:10C4A0000400280001F04CFE3023E35C002B00D098
:10C4B00081E02600E36B3C36002B00D1A5E0300084
:10C4C00001F03EFE2369002B01D1534B2361200074
:10C4D000012200213430F4F795FA50492068FAF728
:10C4E00069FA022123684E485A681818016007202B
:10C4F0000A4019684840CF210140802040011818A7
:10C500000160484960688C4663441A600121F3F772
:10C5100085FF0121A068F3F781FF0121E068F3F7AF
:10C520007DFF237E002B60D1002201216068F3F79C
:10C530008FFF012001F090F8E061012001F08CF8FC
:10C54000C3029C46E769384B21682062FA0299428F
:10C5500054D036491140364A0A43882109036262A1
:10C560006246324B1A40130001220B431343A3626D
:10C57000304B1B78002B23D00C232F4963612F4BAA
:10C580001960130083401800BA402D4B18602D4BE2
:10C590000C201A602C4B1B78002B23D08022F4F740
:10C5A000CFF860690121F4F769F8302301223000E7
:10C5B000E25401F055FD280001F052FD0120F8BDC4
:10C5C0000B23224963611D4B19601300834018003F
:10C5D000BA401F4B18601F4B0B201A601A4B1B7878
:10C5E000002BDBD1F4F782F8DBE7617EA068F3F77C
:10C5F00049FFA17EE068F3F745FF95E70B4911403D
:10C60000154A0A4398210903A9E73000F4F73EFAD6
:10C6100055E7C046401F002080969800A086010084
:10C62000043000000420000000000440FD7F00FFF3
:10C6300011000800982F002081110020702F002089
:10C640001424005014340050F61600203D11002030
:10C65000042400500434005011000900F0B585B0E6
:10C6600005000027F4F756FE584E36184F41002FAC
:10C6700008DAA6E0F4F74EFE32003B00121A8B41B6
:10C68000002B30DDFF212800FFF7AEFEFE28F1D1A0
:10C690006C4604AEFF212800FFF7A6FE207001348F
:10C6A000B442F7D1FF212800FFF79EFEFF210402CC
:10C6B0002800FFF799FEA4B2044310216846A4B2F3
:10C6C00000F0C8FE844212D16B46012219788B110A
:10C6D000C909134049000B4321D00020012B09D088
:10C6E000002105B0F0BD002B01D1002ACAD10020E5
:10C6F0000021F6E700220F260725012411006F46CE
:10C700003031CB08F31AFB5C29400B4123409340A6
:10C7100001321843162AF1D101308002E0E76B465E
:10C720001B7A0425D9119B111340490019436B460C
:10C730000824DB791600980028400843990021401E
:10C7400008430834990021400143103498002040E8
:10C7500001432034980020400843FF215C11E4018C
:10C76000214080240843640099002140DB110143EB
:10C770005B020B43694680248979E40088022040EB
:10C7800003436846447A807A2640C009760006430F
:10C79000880280210901084018436B4659790F230C
:10C7A0000B409A4064002C40344301300234D317CC
:10C7B000A0400021F5F766FFCB05400A1843490A5F
:10C7C0008FE70126024F76425CE7C04680841E0058
:10C7D000FFFFFF7FF0B5DE4657464E464546E0B5C3
:10C7E000C36A040083B0002B00D1CCE02C23984610
:10C7F0008044404601F0A4FC2000FFF7BFFDE36940
:10C80000DB0760D4F4F786FD06000F1E11DA01265F
:10C81000FF2120005F4F7642FFF7E6FD00280ED192
:10C82000F4F778FD32003B00121A8B41002B00DC3C
:10C830009DE0FF212000FFF7D7FD0028F0D0032363
:10C8400099464D239B4600236F469A46BE1D5B4684
:10C850000093534605213B71380000F0E7FD0123AA
:10C860003D00400018437871297820000135FFF71A
:10C87000BBFDB542F8D11025FF212000FFF7B4FD24
:10C88000030600D478E0013D002DF5D1FF2800D04B
:10C8900072E001235B429C46E1444B46002BD6D11B
:10C8A0000123E2691343E3610025404601F0D8FB10
:10C8B0002000FFF77BFD280003B0F0BCBB46B2466A
:10C8C000A946A046F0BD00232000A362FFF72AFD81
:10C8D0002000FFF79BFDF4F71DFD06000F1E10DA88
:10C8E0000126FF2120002B4F7642FFF77DFD002817
:10C8F0000DD1F4F70FFD32003B00121A8B41002BD3
:10C900003CDDFF212000FFF76FFD0028F1D003235D
:10C91000994640239B4600236F469A46BE1D5B46C0
:10C920000093534605213B71380000F07FFD012341
:10C930003D00400018437871297820000135FFF749
:10C9400053FDAE42F8D11025FF212000FFF74CFD2A
:10C95000030611D5013D002DF6D1FF280CD101238E
:10C960005B429C46E1444B46002BD8D19CE7002B10
:10C9700002D1002A00D05CE7012596E7002B93D175
:10C98000002ABED190E72C23984680444046F4F715
:10C990007DF82EE7FFFFFF7FF0B557464E46454630
:10C9A000DE46E0B589B007000E00904604930C29DE
:10C9B00000D0F9E043461B0E009343461B0CDBB24C
:10C9C000039343461B0ADBB2994606AA0323944607
:10C9D0000593033363449A4601239B46049B002B33
:10C9E00000D009E1402306AA334313701300009AD4
:10C9F00018005A70039A05219A704A46DA70424626
:10CA00001A7100F013FD5B464000184306AB1C0092
:10CA10005871217838000134FFF7E6FCA245F8D1BF
:10CA20000C2E00D124E11024FF213800FFF7DCFC9C
:10CA3000030602D5013C002CF6D10500FF2800D1E9
:10CA4000CEE0129B002B00D01860030736D40423DD
:10CA5000034200D023E11223034239D0934C0D2E20
:10CA600042D00D2E00DD78E0082E00D07BE00223BE
:10CA7000BB62FF213800FFF7B7FCFF21050038003B
:10CA8000FFF7B2FC2D0603042B43FF2138001E00E4
:10CA9000FFF7AAFCFF2105003800FFF7A5FC2D02D7
:10CAA00030430543129B002B00D01D60200009B0CD
:10CAB000F0BCBB46B246A946A046F0BD172E00D03A
:10CAC000E9E0430700D5E8E01223034200D0EBE0A1
:10CAD0006024044063425C41754B64421C40754BCA
:10CAE0009C4664440D2EBCD10502FF213800FFF79F
:10CAF0007BFC0543D6D0EB0700D56F4CAB0700D5C8
:10CB00006E4C6B0700D56C4C2B0700D56A4CEB06BE
:10CB100000D5694CAB0600D5684C6B0600D5634C5C
:10CB20002B0600D5634C80235B002B405A425341B7
:10CB30005B421C40AB0500D55C4C6B0500D5604CDE
:10CB40002B0500D55F4CEB0400D5584CAB0400D549
:10CB5000584C6B04A6D5574CA4E7262E05D03A2E88
:10CB600000D186E79EE70C2E9CD1F4F7D3FB00237F
:10CB7000554A8018594100900191002900DA7CE063
:10CB8000FF213800FFF730FC002800D08AE7F4F7D7
:10CB9000C1FB009A019B121A8B41002BF0DC00D0E4
:10CBA00080E7002AECD17DE7F4F7B4FB0025464C82
:10CBB00024184D41002D66DBFF213800FFF714FCDF
:10CBC000002800D0F6E6F4F7A5FB22002B00121A8D
:10CBD0008B41002BF0DC00D0ECE6002AECD1E9E63A
:10CBE000059B013B0593002B00D0F7E6129B002B21
:10CBF00000D01860354C59E777230693002306AA26
:10CC000013710521100000F011FC5B464000184331
:10CC100006AB1C005871217838000134FFF7E4FBA3
:10CC20005445F8D11024FF213800FFF7DDFB03063F
:10CC300002D5013C002CF6D1F4F76CFB0025224C08
:10CC400024184D41002D22DBFF213800FFF7CCFBDB
:10CC5000002800D0C6E6F4F75DFB22002B00121A74
:10CC60008B41002BF0DC00D0BCE6002AECD1B9E609
:10CC7000FF213800FFF7B8FBD5E60122144B5242E2
:10CC8000009201937CE70124114D644294E7012452
:10CC90000F4D6442D8E70B4C08E7094C06E7082E15
:10CCA000FBD1074CBB6201E7004CFBE66EECFFFFDB
:10CCB0008B13000075ECFFFF6DECFFFF72ECFFFFC4
:10CCC00076ECFFFF6FECFFFF80841E0073ECFFFF2C
:10CCD000FFFFFF7FF0B5DE4646464F46C0B582B047
:10CCE0001D000A9B060098462C239B468344584609
:10CCF0001400894601F024FA3000FFF73FFB42465A
:10CD0000002312196B411900736A10008B4200D284
:10CD100093E000D18DE0F3699B0700D08DE0B36A0A
:10CD2000032B01D063021C004346012B61D9002371
:10CD30002200122130000093FFF72EFE041E3ED188
:10CD40004746F4F7E7FA00253D4C24184D41002DE5
:10CD500008DA4AE0F4F7DEFA22002B00121A8B41BF
:10CD6000002B39DDFF213000FFF73EFBFE28F1D11B
:10CD700080234A46002130009B00FFF72FFB00284C
:10CD80002ED0FF213000FFF72FFBFF2104023000DF
:10CD9000FFF72AFB8021A4B2044389004846A4B2CD
:10CDA00000F058FB84421BD180239B009C46013F2E
:10CDB000E144002FC5D14346012B28D80024584612
:10CDC00001F04EF93000FFF7F1FA200002B0E0BCAC
:10CDD000BB46B146A846F0BD002B01D1002AC1D107
:10CDE0004346012B1CD8174CE9E70124164D644239
:10CDF000B8E700232200112130000093FFF7CCFD9B
:10CE0000041EDCD14346002B9AD10024D7E700232F
:10CE100000220C2130000097FFF7BEFD0400CEE792
:10CE2000002300220C2130000093FFF7B5FD054CD4
:10CE3000C5E7336A834200D36DE7044CBFE7C046C1
:10CE400080841E0070ECFFFFFFFFFF7F75ECFFFF8B
:10CE5000F0B5DE4646465746C0B586B003930E9BF6
:10CE600006009B462C239846804440460F000292C1
:10CE700001F066F93000FFF781FA029803995A46EB
:10CE8000002312184B41716A994200D2DAE000D1B6
:10CE9000D4E0F3699B0700D0D4E0B36A032B02D03F
:10CEA000029B5B0202935B46012B00D181E00025CF
:10CEB00001235A46172130000095FFF76DFD300021
:10CEC000FFF73AFA002319213000029A0095FFF784
:10CED00063FD041E57D1FC213000FFF785FA802343
:10CEE00000229B0039003000FFF778FA80213800DB
:10CEF000890000F0AFFA0400010AC9B23000FFF760
:10CF000073FAE1B23000FFF76FFAFF213000FFF74C
:10CF10006BFA00258246F4F7FDF94B4C24184D417D
:10CF2000002D08DA41E0F4F7F5F922002B00121A7F
:10CF30008B41002B34DDFF213000FFF755FA00282C
:10CF4000F1D01F205346184005280AD180239B00AA
:10CF50009C4601235B4267449C46E3445B46002BAE
:10CF6000B9D1FD213000FFF73FFA002330000593CF
:10CF7000FFF7E2F905AB0093002200230D213000FA
:10CF8000FFF70AFD0400404601F06AF83000FFF7A1
:10CF90000DFA200006B0E0BCBB46B246A846F0BD84
:10CFA000002BCED1002AC6D1CBE70124274D644205
:10CFB000C1E7002318213000029A0093FFF7ECFC30
:10CFC000041EE0D1FE213000FFF70EFA802300227C
:10CFD0009B0039003000FFF701FA802138008900FA
:10CFE00000F038FA0400010AC9B23000FFF7FCF97A
:10CFF000E1B23000FFF7F8F9FF213000FFF7F4F954
:10D000000025F4F787F9104C24184D41002D11DB51
:10D01000FF213000FFF7E8F90028A6D1F4F77AF9EC
:10D0200022002B00121A8B41002BF1DC9DD1002A2B
:10D03000EED19AE70124054D6442E9E7316A914255
:10D0400000D326E7024C9EE780841E00FFFFFF7F8F
:10D0500075ECFFFFF0B5CE46070000B5C36A0500CA
:10D0600086B02C37002B00D1CFE0380001F068F8F3
:10D070002B7B002B0CD00122D02329691B068A4070
:10D080005B6813405A1E93416A69934200D0A2E044
:10D090000223EA699A431300EA61DB0700D492E0B5
:10D0A00000232800AB62FFF769F92800FFF73AF97F
:10D0B0002800FFF7ABF90A2605AC00230022002167
:10D0C00028000094FFF768FC059B012B15D0380061
:10D0D00000F0C6FF2800FFF769F900216748F4F760
:10D0E00023F9380001F02CF8013E2800FFF746F93B
:10D0F000002EE2D1059B012B62D1D52600237600BC
:10D1000032000821280000940593FFF745FC002811
:10D1100000D16DE05A4B984252D1002301223B21AD
:10D1200000932800FFF738FC002300223A21280052
:10D130000094FFF731FC002842D1059BDB0261D54A
:10D14000AB6A023B5A4253419B079946F4F7E2F817
:10D1500000234C4A801859410290039100290DDAAE
:10D160000122494B52420292039307E0F4F7D2F8AE
:10D17000029A039B121A8B41002B66DD01234A465B
:10D18000292128000094FFF707FC059B0600DB0718
:10D19000ECD4002E36D1059B002B5CD1AB6A022B60
:10D1A0005CD00123AB6200230022092128000093F8
:10D1B000FFF7F2FB041E2CD0002200232A626B62D0
:10D1C0002800FFF7F3F8380000F04AFFE86906B0DE
:10D1D00080BCB946F0BD0323EA692C481343EB61D8
:10D1E0000023AB62F6F76EFFEB699A07EBD454E7C6
:10D1F000AB6A022B00D090E7059B1B051B0DB342C9
:10D2000000D18AE70423AB62DAE73800F3F73EFC8B
:10D210002BE72800FFF722FA286269620843CFD083
:10D22000802200231021280000949200FFF7B4FB15
:10D230000028C5D12800FFF76DF80123EA6928000E
:10D240009A43EA61FFF7B2F8BDE7002BA1D1002AAB
:10D2500000D093E79DE70423AB62A4E700230022FC
:10D260003A2128000094FFF797FB0028A8D1059BDE
:10D270005B0098D50323AB6295E7C046A08601000A
:10D2800076ECFFFF80841E00FFFFFF7F54EE00104E
:10D2900010B5037B002B0BD00122D02301691B06A4
:10D2A0008A405B6813405A1E93414269934205D1FC
:10D2B0000223C2699A43C261012010BD0323C269DF
:10D2C0001343C361002383620248F6F7FBFE00208C
:10D2D000F3E7C04654EE0010F0B5070004002C3709
:10D2E00083B0380000F02CFF2000FFF747F8002340
:10D2F0000022092120000093FFF74EFB00260025A5
:10D30000002804D12000FFF7A9F906000D0038001D
:10D3100000F0A6FE2000FFF749F83000290003B016
:10D32000F0BDC046F8B5DE4657464E464546394B39
:10D33000E0B518009B4600F003FF374B1B78002B2D
:10D3400058D1364B00269A46354B9946354B984670
:10D3500010E0237E002B37D101252B00A068D027B9
:10D3600083403F067B61F3F79FF8A36801369D4039
:10D370007D627D61F3F748F8B0422AD93000F3F7B7
:10D3800045F8A923524601259B00C561C2504A4673
:10D390000433C25042460433C250234A0433C250BD
:10D3A000037B0400002BD4D00069F3F77DF8002242
:10D3B00001212069F3F74CF823699D40D0231B0617
:10D3C0009D62237E002BC7D0617EA068F3F75AF8D8
:10D3D000C2E7002507E02800F3F70EF8FFF75EF834
:10D3E000041E12D00135F3F705F8A842F3D8012343
:10D3F000094A1370584600F033FE01242000F0BCA7
:10D40000BB46B246A946A046F8BD584600F028FEE5
:10D41000F4E7C046481F0020972F002055D0001089
:10D4200051CE0010D5CC0010D5C7001010B5002982
:10D430000BDD030041180020054C1A7840005040D5
:10D440000133205C9942F8D110BD0020FCE7C046B2
:10D450006CF0001030B500290FDD020044180020E8
:10D46000074D1178030A4B405B00EB5A000258400D
:10D47000013280B29442F4D130BD0020FCE7C046B6
:10D480006CEE001010B5F2F7C1FF041E03D0FFF7D9
:10D49000FFFE207F10BD0420FCE7C04610B504004D
:10D4A000FFF740FF00280AD02000F2F7AFFF002866
:10D4B00007D0A9239B00C3589847C0B210BD0320D2
:10D4C000FCE70420FAE7C046F0B583B00E00150073
:10D4D0001C00F2F79BFF002824D0089B2A00009331
:10D4E000AB239B00C75831002300B8470E4A030006
:10D4F00090420CDA0D4A904214DA0D4A022093420F
:10D5000003D00C4A0130934205DB03B0F0BD5A1E34
:10D510009341D8B2F9E7084A94466344012BF4D901
:10D520000238F2E70420F0E777ECFFFF75ECFFFF2D
:10D5300072ECFFFF73ECFFFF90130000F0B583B0B7
:10D540000E0015001C00F2F761FF002824D0089B94
:10D550002A000093AA239B00C75831002300B84734
:10D560000E4A030090420CDA0D4A904214DA0D4A3A
:10D570000220934203D00C4A0130934205DB03B0F2
:10D58000F0BD5A1E9341D8B2F9E7084A9446634465
:10D59000012BF4D90238F2E70420F0E777ECFFFF23
:10D5A00075ECFFFF72ECFFFF73ECFFFF90130000C0
:10D5B00070B50C001500F2F729FF002813D0012CDC
:10D5C00005D0032C0BD0631E9C41A00070BDFFF75B
:10D5D00083FE03C5084343425841C0B2F6E7012326
:10D5E00000202B60F2E70420F0E7C04600B583B0CE
:10D5F000082200216846F5F7C5F8684600F03CF8B7
:10D60000002826D06B46F02218889B7852044430BC
:10D610005B0513404006184307226B469A56D30F0A
:10D620009B189B06DB0E18436B46F822DB785203EF
:10D630001B04134018436B465B79FC22DB061B0C72
:10D6400018436B469B79D2005B011340184303B02B
:10D6500000BD0020FBE7C04600B5054B83B00100CC
:10D66000009300220B230348F2F77EFF03B000BDB6
:10D670006CF10010902F00200F4B30B5DA68920744
:10D6800018D5D9699C694B015B0F03711F230A0CE4
:10D690001A4042713F220D0A15400A40C27122020F
:10D6A000120D02802205120F234085718270C37013
:10D6B000012030BD0020FCE700C00540F8B50C009B
:10D6C000050000F01DFC204FBB685E6803239E43ED
:10D6D0001E4B341B9C466444240B013C1133240331
:10D6E0009C4207DB0021280000F00EFCBB689B1960
:10D6F000984204D0280000F005FC0020F8BD280066
:10D70000614200F001FC431C0DD00122BB68361BB6
:10D7100016435E600E4B28001A68141B1C6000F054
:10D72000F1FB0120EAE70021280000F0EDFBBA68D8
:10D73000831A0F2BDEDD07490968401A0449086087
:10D7400001210B435360D5E7301B0020EF0F000091
:10D75000F8220020281B0020F0B5C64605000C006A
:10D7600000B500294FD000F0CBFB210008394C68F0
:10D77000012622000320B2438F187B68834362484E
:10D7800098468368BB426AD043467B6026421ED1DE
:10D7900008239C460C688444091B12198C68644554
:10D7A0004FD0CB68E3609C604346FC186468344209
:10D7B00011D1BB68554C4244A34200D17EE0FC68C5
:10D7C000DC60A360012313434B608A5006E0FC1821
:10D7D00064683442EDD016434E603A6080239B006B
:10D7E0009A4213D25409D3080122A2404468DB00B4
:10D7F0002243426018188368C8608B608160D960DA
:10D80000280000F07FFB80BCB846F0BD530A042B13
:10D810003ED89409260039343836E40004192368C8
:10D82000083C03279C4242D05868B843904202D932
:10D830009B689C42F8D1DC68CC608B60A160D960A9
:10D84000DEE74346F8184068304257D1FB68B868B5
:10D8500042441643C36098604E608A50D0E713007C
:10D860004344264206D10A68891A8C689B18CA6804
:10D87000E260946001221A434A60254A816012687E
:10D880009A42BDD8234B28001968FFF717FFB7E766
:10D89000142B07D9542B1AD8140B26006F346E366C
:10D8A000E400BBE71E005C335B36DC00B6E7012218
:10D8B000B610B240466832434260BDE7D960996015
:10D8C000CB608B60012313434B608A5098E7AA24F6
:10D8D0006400A34205D8D40B260078347736E400E0
:10D8E0009CE70D4CA34205D8940C26007D347C3671
:10D8F000E40093E7FE247E26A4008FE73300134361
:10D900004B603A607CE7C046301B0020381B00208B
:10D910002C1B0020F42200205405000010B5034BFE
:10D920000100186800F00EF810BDC046F81600207F
:10D9300010B5034B01001868FFF70EFF10BDC0467D
:10D94000F8160020F0B54E464546DE465746E0B58F
:10D950000D000B35060083B0162D22D8102900D9F2
:10D96000B2E000F0CDFA102518230220CC4FFB18AE
:10D970001A005C68083A944200D1B5E0032362685B
:10D980009A431300E268A168CA6091600122E3181B
:10D99000596830000A435A6000F0B4FA2000083099
:10D9A00095E007239D4300D58EE0A94200D98BE086
:10D9B00000F0A6FAFC235B009D4200D2A1E1680AB8
:10D9C00000D18BE0042800D974E138239846A809D7
:10D9D00080443930C100B24F79184C680839A142EF
:10D9E0000ED003239C4604E0002ACBDAE468A1426F
:10D9F00006D06246636893435A1B0F2AF4DD404603
:10DA00003A003C690832944200D178E0032361680F
:10DA1000994389460B00491B0F2900DD75E17A61A6
:10DA20003A610029B2DA80229200914500D310E1D8
:10DA30005909DA0801238B40D2007968D2190B43C7
:10DA400091687B60E260A1609460CC6001218210EB
:10DA50009140994259D80B4205D103229043490085
:10DA600004300B42FBD003239846C3009946B944C7
:10DA7000CC4682466346DC68A44507D126E1002AED
:10DA800000DB2FE1E468A44500D11FE14246636852
:10DA900093435A1B0F2AF2DD01208046611905438A
:10DAA0006560A068E5680837C560A8604046104317
:10DAB000F960B9604860CF6030008F60E25000F0DC
:10DAC00021FA2000083002E00C230020336003B06C
:10DAD000F0BCBB46B246A946A046F0BD80213F231C
:10DAE00040209846890076E7DC680230A34200D0E7
:10DAF00044E73A003C690832944200D086E70121AD
:10DB00007B68821091409942A5D90323BC68626862
:10DB10009A439146954203D8531B0F2B00DD8AE0B0
:10DB200023004B445F4A01935F4B93469A46126829
:10DB30001B68EB18013200D136E15C4A944663441D
:10DB40001B0B1B0300933000009900F0DDF903006C
:10DB50008046013300D1F3E0019B834200D9EDE020
:10DB600052460098526803009446514663444B6005
:10DB700001991A00414500D14BE15B461B68013316
:10DB800000D150E1434601995B1A9A1853465A60F6
:10DB90000723424641461A400192194200D10DE145
:10DBA00008239846881A424B0099804441449B1AA6
:10DBB0005B1A1B051B0D0091300019009B4600F0FD
:10DBC000A3F9431C00D14AE14346C01A03005B4459
:10DBD0000093534652465B6801215B4453604246C2
:10DBE0004046BA60009A0A434260BC4200D11EE13E
:10DBF0004A460F2A00D81CE107200C3A824360688D
:10DC00000140052011436160A118486088600F2A17
:10DC100000D92FE14246444652685146C96A9942AA
:10DC200001D25146CB625146096B994200D389E03B
:10DC300051460B6386E00122290013431143651905
:10DC400061603000BD606B6000F05CF9200008305E
:10DC50003DE75A0A042A6BD9142A00D9BEE0110004
:10DC60005C325B31D20008235B429C46BA18944474
:10DC700063469A6803239846944500D197E043464B
:10DC800051689943494502D992689445F7D1D368C0
:10DC90009C467B686146A260E1608C60D460D5E6FA
:10DCA000301B0020281B0020F42200200F10000051
:10DCB00008100000142852D9542800D996E06E2389
:10DCC0009846280B80446F30C10084E608239B46A9
:10DCD000073BDC449B46DA4443465246134200D09D
:10DCE000C8E64CE00122E318596830000A435A6044
:10DCF000E368A268D3609A6000F004F9200008305D
:10DD0000E5E62B00E808083330E6012360191D43DF
:10DD1000656078613861C26082601A004B460A43D0
:10DD200042603000E15000F0EDF820000830CEE60F
:10DD30009A09110039323831D20094E7BC4260D0E0
:10DD4000BC68626803239A43531B954202D80F2B89
:10DD500000DD70E7300000F0D5F80020B7E65B2367
:10DD6000984680445C30C10035E608235B429C46FF
:10DD7000E1444B469B6801384B4500D097E0434651
:10DD80000342F2D17B688B437B604900994200D902
:10DD9000BBE6002904D1B8E6042294464900E244D7
:10DDA0000B42F9D0504660E610330093CBE6891061
:10DDB000023B8B4079680B437B606BE7009B300034
:10DDC00043445B421B051B0D19009B4600F09CF869
:10DDD000431C00D0F8E600239B46FAE6542A2AD8D2
:10DDE0001A0B11006F326E31D2003CE7AA235B00A0
:10DDF00098422AD8DD3B9846E80B80447830C10031
:10DE0000E9E553465B68009A9C46534662445A6073
:10DE1000B3E6090500D0B0E60200BC684A4401310F
:10DE20000A436260F9E65B4642461A60B0E6444641
:10DE3000F3E641608EE7AA2149008A4224D8DA0B32
:10DE4000110078327731D2000DE71A4B984224D86E
:10DE50007C239846A80C80447D30C100BBE5009A25
:10DE6000019B94464246083B63449B1A009300235F
:10DE70009B46AEE6210030000831FFF76DFC5346AB
:10DE8000BC685B686268C8E60A498A420BD89A0C8B
:10DE900011007D327C31D200E5E6FE217E237F2019
:10DEA0009846890097E5FE227E219200DBE67B689A
:10DEB0006BE7C0465405000030B5032A0CD90300B7
:10DEC0000B439B0719D103680C68A34215D1043A90
:10DED00004300431032AF6D8551E002A0BD0002343
:10DEE00003E05A1C9D4206D01300C25CCC5CA242E7
:10DEF000F7D0101B00E0002030BD551EEFE7C046F4
:10DF00007047C0467047C046002370B5064D0400F8
:10DF100008002B60F5F726FF431C00D070BD2B686E
:10DF2000002BFBD02360F9E728230020CAB2F0B50C
:10DF3000002A35D0032483072DD1FF2529400D0267
:10DF400029430D040D4329000468264E61408B19B6
:10DF50008B43A119A143244E0B43334211D1416895
:10DF6000204F0C00CB196C408B43E119A1430B43AC
:10DF700004303342F3D00378002B05D09A4204D00A
:10DF800001300378002BF9D10020F0BD9342FCD082
:10DF900001302042D1D00378002BF7D10020F4E7E4
:10DFA000830708D0032202E00130104203D0037837
:10DFB000002BF9D1E9E702680A4B0B49D3189343C8
:10DFC0000B4206D14268074B0430D31893430B42EF
:10DFD000F8D00378002BD8D043780130002BFBD148
:10DFE000D3E7C046FFFEFEFE8080808010B5830729
:10DFF0000AD00300032102E001330B4205D01A7856
:10E00000002AF9D1181A10BD030019680C4A0D4CEA
:10E010008A188A4322420FD15968094A04338A1860
:10E020008A43224208D15968054A04338A188A4330
:10E030002242F1D000E001331A78002AFBD1E1E757
:10E04000FFFEFEFE80808080F8B5C0460000000024
:10E0500001B40248844601BC604700BF750400203B
:10E0600001B40248844601BC604700BF850300201C
:10E0700001B40248844601BC604700BF95120020ED
:10E0800001B40248844601BC604700BFC50D0020B2
:10E0900001B40248844601BC604700BF95120020CD
:10E0A00001B40248844601BC604700BF150200204D
:10E0B00001B40248844601BC604700BF9D0D0020AA
:10E0C00001B40248844601BC604700BFF50200204D
:10E0D00001B40248844601BC604700BFF110002033
:10E0E00001B40248844601BC604700BF59020020C9
:10E0F00001B40248844601BC604700BF550E0020B1
:10E1000001B40248844601BC604700BF49050020B5
:10E1100001B40248844601BC604700BFF90D0020ED
:10E1200001B40248844601BC604700BFC51100200D
:10E1300001B40248844601BC604700BF050E0020C0
:10E1400001B40248844601BC604700BFCD010020F5
:10E15000B9170010E5170010E1190010752700101D
:10E1600085200010B92600100919001001180010B0
:10E170002118001035180010350A00103D18001045
:10E18000150E001081170010590600109D47001051
:04E19000FD0200107C
:10E198000A2D2D2D20534420464154333220435319
:10E1A800562077726974652074657374202D2D2D3F
:10E1B80000000000303A0000665F6D6F756E7420D5
:10E1C8006661696C65642C206572726F7220636F7A
:10E1D80064652025640A000028436865636B20771E
:10E1E8006972696E67206669727374202D2D2046E6
:10E1F8006174467320736565732074686520736164
:10E208006D652053504920627573206173206265E3
:10E21800666F72652E29000043617264206D6F7508
:10E228006E746564204F4B2E00000000303A2F7446
:10E238006573742E63737600665F6F70656E206613
:10E2480061696C65642C206572726F7220636F64FB
:10E25800652025640A000000746573742E63737664
:10E26800206F70656E656420666F722077726974BE
:10E27800696E672E0000000073656E736F722C76EE
:10E28800616C75650D0A6D7075363035302C343219
:10E298000D0A0000665F7772697465206661696CB3
:10E2A80065642C206572726F7220636F6465202527
:10E2B800640A000057726F746520257520627974AE
:10E2C800657320746F20746573742E6373760A0007
:10E2D800446F6E652E20456A6563742074686520F6
:10E2E8006361726420616E6420636865636B206695
:10E2F8006F7220746573742E637376206F6E207945
:10E308006F757220636F6D70757465722E000000F2
:10E318000A2A2A2A2050414E4943202A2A2A0A003A
:10E328004E6F207370696E6C6F636B7320617265DA
:10E3380020617661696C61626C6500004E6F2075C2
:10E34800736572204952517320617265206176614C
:10E35800696C61626C65000048617264776172651E
:10E3680020616C61726D20256420616C7265616446
:10E378007920636C61696D656400000048617264AE
:10E3880020617373657274004F7574206F66206D19
:10E39800656D6F727900000052656C656173650088
:10E3A800626F6F74325F7732357130383000000039
:10E3B800322E322E300000007069636F00000000BA
:10E3C80073645F74726F75626C6573686F6F74697C
:10E3D8006E670000417567203132203230323600D6
:10E3E80005005250DE65F4683C10011006005250DA
:10E3F8005422A29DDCE3001006005250861C030242
:10E40800C8E3001006005250BBFF3CB6C0E3001042
:10E4180006005250ABB36053B8E3001006005250E8
:10E42800E182887FA8E3001006005250D3F07542BD
:10E43800A0E30010666E6900666E692B000000009C
:10E448006E616E00666E692D00000000D432001007
:10E458008A3200108A320010CC3200108A32001042
:10E468008A3200108A3200108A3200108A32001074
:10E478008A3200108A320010C43200108A3200102A
:10E48800BC3200108A3200108A320010B4320010F8
:10E4980086340010E63200107A340010E63200109C
:10E4A80096340010E6320010E6320010E632001012
:10E4B800E6320010E6320010E6320010E6320010B4
:10E4C800DC320010E6320010E6320010E6320010AE
:10E4D800E6320010E6320010DC320010DC340010A6
:10E4E8004632001046320010463200104632001004
:10E4F80046320010463200104632001046320010F4
:10E5080046320010463200104632001046320010E3
:10E5180046320010463200104632001046320010D3
:10E5280046320010463200104632001046320010C3
:10E5380046320010463200104632001046320010B3
:10E5480046320010463200104632001046320010A3
:10E558004632001046320010463200100A370010CA
:10E56800A83400100A370010463200104632001056
:10E578004632001046320010463200104632001073
:10E588004632001046320010463200104632001063
:10E598004632001046320010463200104632001053
:10E5A80046320010463200108E33001046320010FA
:10E5B8004632001046320010463200104632001033
:10E5C8004632001046320010463200104632001023
:10E5D8008E330010F03400108E3300100A3700100C
:10E5E800A83400100A370010463200108E3300108D
:10E5F80046320010463200104632001046320010F3
:10E60800463200108E3300101A36001046320010C1
:10E61800463200105C350010463200108E33001070
:10E6280046320010463200108E3300100000000001
:10E63800000000000000F03F00000000000024403F
:10E6480000000000000059400000000000408F401A
:10E65800000000000088C34000000000006AF84085
:10E668000000000080842E4100000000D0126341A9
:10E678000000000084D797410000000065CDCD411F
:10E688000D0A000000000000F14100100000000029
:10E69800F5410010014200102D42001029420010DF
:10E6A80000000000050F2100011C100500DF60DDDF
:10E6B800D88945C74C9CD2659D9E648A9F000003FB
:10E6C80006A60001000000000A0000000000030682
:10E6D800A6000800020002009C001400030057492D
:10E6E8004E5553420000000000000000000080006A
:10E6F80004000100280044006500760069006300FA
:10E70800650049006E0074006500720066006100D3
:10E7180063006500470055004900440000004E00B2
:10E728007B00620063003700330039003800630063
:10E7380031002D0037003300630064002D003400E1
:10E748006300620037002D0039003800620038008D
:10E758002D00390031003300610038006600630085
:10E76800610037006200660036007D00000000008E
:10E7780055534220737464696E202F207374646F3C
:10E78800757400000600525053B4F4A178E70010E5
:10E7980052617370626572727920506900000000DE
:10E7A8005069636F00000000426F61726420434447
:10E7B80043000000526573657400000009025400AC
:10E7C800030100807D080B0002020200000904001A
:10E7D80000010202000405240020010524010001B3
:10E7E8000424020605240600010705810308001019
:10E7F80009040100020A00000007050202400000A7
:10E80800070582024000000904020000FF0001051C
:10E8180012011002EF0201408A2E0A0000010102D3
:10E82800030100000000000098E70010A8E70010AE
:10E838007C2F0020B0E70010BCE70010556E68611F
:10E848006E646C65642049525120307825780A003E
:10E85800657020253032582077617320616C7265AD
:10E8680061647920617661696C61626C65000000A1
:10E8780043616E277420636F6E74696E75652078C6
:10E88800666572206F6E20696E61637469766520B3
:10E898006570202530325800084E0010684F00106F
:10E8A800B44F0010404F0010524F0010304F00106E
:10E8B800A64E0010564E00104A4E00100E5300107F
:10E8C800F85200101E4F0010305300101E4F001059
:10E8D800DC520010C85200101E4F0010B252001037
:10E8E800C25100101E4F0010AE550010A055001068
:10E8F800945500101E4F00101E4F00107E5500103A
:10E90800A05500101E4F00101E4F00101E4F001083
:10E918001E4F00101E4F00101E4F00101E4F0010FB
:10E928002E5500103A0F00203A0F00201C0F00202F
:10E93800900F0020A0100020B4100020840F0020A9
:10E9480000000000855B0010F55B0010195C0010EA
:10E95800655C00100D5D0010F55D00100000000002
:10E9680000000000F15E00104D5F0010695F0010AC
:10E97800915F001095420010B9600010000000007F
:10E98800806C0010726C00106A6C0010626C0010D1
:10E998005A6C0010526C00104A6C0010426C001047
:10E9A8008A6C001061001A03E0001703F8000703DF
:10E9B800FF00010078010001300132010601390130
:10E9C80010014A012E017901060180014D00430220
:10E9D8008101820182018401840186018701870106
:10E9E80089018A018B018B018D018E018F019001B4
:10E9F8009101910193019401F60196019701980103
:10EA080098013D029B019C019D0120029F01A001EC
:10EA1800A001A201A201A401A401A601A701A701C6
:10EA2800A901AA01AB01AC01AC01AE01AF01AF0174
:10EA3800B101B201B301B301B501B501B701B80124
:10EA4800B801BA01BB01BC01BC01BE01F701C0019C
:10EA5800C101C201C301C401C501C401C701C80184
:10EA6800C701CA01CB01CA01CD011001DD010100B6
:10EA78008E01DE011201F3010300F101F401F4013A
:10EA8800F8012801220212013A020900652C3B0212
:10EA98003B023D02662C3F0240024102410246020F
:10EAA8000A015302400081018601550289018A0149
:10EAB80058028F015A0290015C025D025E025F02F9
:10EAC80093016102620294016402650266026702B0
:10EAD800970196016A02622C6C026D026E029C011B
:10EAE800700271029D01730274029F01760277021F
:10EAF800780279027A027B027C02642C7E027F0211
:10EB0800A60181028202A901840285028602870287
:10EB1800AE014402B101B20145028D028E028F029C
:10EB280090029102B7017B030300FD03FE03FF037C
:10EB3800AC0304008603880389038A03B103110325
:10EB4800C2030200A303A303C4030803CC03030006
:10EB58008C038E038F03D8031801F2030A00F9030C
:10EB6800F303F403F503F603F703F703F903FA03D2
:10EB7800FA033004200350041007600422018A04B9
:10EB88003601C1040E01CF040100C004D0044401C1
:10EB980061052604000000007D1D0100632C001E95
:10EBA8009601A01E5A01001F0806101F0606201F06
:10EBB8000806301F0806401F0606511F0700591F88
:10EBC800521F5B1F541F5D1F561F5F1F601F0806E3
:10EBD800701F0E00BA1FBB1FC81FC91FCA1FCB1F3B
:10EBE800DA1FDB1FF81FF91FEA1FEB1FFA1FFB1FB5
:10EBF800801F0806901F0806A01F0806B01F040003
:10EC0800B81FB91FB21FBC1FCC1F0100C31FD01FE4
:10EC18000206E01F0206E51F0100EC1FF31F0100BA
:10EC2800FC1F4E21010032217021100284210100B5
:10EC38008321D0241A05302C2F04602C0201672C64
:10EC48000601752C0201802C6401002D260841FF65
:10EC58001A030000C700FC00E900E200E400E0003D
:10EC6800E500E700EA00EB00E800EF00EE00EC004A
:10EC7800C400C500C900E600C600F400F600F200B2
:10EC8800FB00F900FF00D600DC00A200A300A500ED
:10EC9800A7209201E100ED00F300FA00F100D10095
:10ECA800AA00BA00BF001023AC00BD00BC00A10040
:10ECB800AB00BB00912592259325022524256125CB
:10ECC8006225562555256325512557255D255C2543
:10ECD8005B251025142534252C251C2500253C25CD
:10ECE8005E255F255A25542569256625602550250A
:10ECF8006C256725682564256525592558255225DD
:10ED080053256B256A2518250C25882584258C25EF
:10ED180090258025B103DF009303C003A303C30339
:10ED2800B500C403A6039803A903B4031E22C603AF
:10ED3800B50329226122B100652264222023212300
:10ED4800F7004822B0001922B7001A227F20B2002B
:10ED5800A025A000EB76904558464154202020007D
:10ED68004641543332202020000000002A3A3C3E1D
:10ED78007C223F7F000000002B2C3B3D5B5D0000A8
:10ED8800454649205041525400000100454649205B
:10ED980050415254000001005C00000000000200D5
:10EDA800EEFEFF0001000000FFFFFFFF809A4541D3
:10EDB8008E418F804545454949498E8F9092924FA3
:10EDC800994F555559999A9B9C9D9E9F41494F55DE
:10EDD800A5A5A6A7A8A9AAABACADAEAFB0B1B2B372
:10EDE800B4B5B6B7B8B9BABBBCBDBEBFC0C1C2C363
:10EDF800C4C5C6C7C8C9CACBCCCDCECFD0D1D2D353
:10EE0800D4D5D6D7D8D9DADBDCDDDEDFE0E1E2E342
:10EE1800E4E5E6E7E8E9EAEBECEDEEEFF0F1F2F332
:10EE2800F4F5F6F7F8F9FAFBFCFDFEFFA2A0D0EB2B
:10EE3800E5B9334487C068B6B72699C70103050703
:10EE4800090E10121416181C1EFF00004E6F2053D6
:10EE58004420636172642064657465637465642129
:10EE68000D00000000002110422063308440A550AE
:10EE7800C660E770088129914AA16BB18CC1ADD1F8
:10EE8800CEE1EFF13112100273325222B5529442A0
:10EE9800F772D662399318837BB35AA3BDD39CC348
:10EEA800FFF3DEE36224433420040114E664C774EC
:10EEB800A44485546AA54BB528850995EEE5CFF598
:10EEC800ACC58DD55336722611163006D776F66640
:10EED8009556B4465BB77AA719973887DFF7FEE7E8
:10EEE8009DD7BCC7C448E5588668A778400861180C
:10EEF80002282338CCC9EDD98EE9AFF94889699938
:10EF08000AA92BB9F55AD44AB77A966A711A500ADF
:10EF1800333A122AFDDBDCCBBFFB9EEB799B588B87
:10EF28003BBB1AABA66C877CE44CC55C222C033C2B
:10EF3800600C411CAEED8FFDECCDCDDD2AAD0BBDD7
:10EF4800688D499D977EB66ED55EF44E133E322E7F
:10EF5800511E700E9FFFBEEFDDDFFCCF1BBF3AAF27
:10EF6800599F788F8891A981CAB1EBA10CD12DC185
:10EF78004EF16FE18010A100C230E320045025401B
:10EF880046706760B9839893FBA3DAB33DC31CD37B
:10EF98007FE35EF3B1029012F322D232354214526B
:10EFA80077625672EAB5CBA5A89589856EF54FE5C7
:10EFB8002CD50DC5E234C324A014810466744764BB
:10EFC80024540544DBA7FAB79987B8975FE77EF71B
:10EFD8001DC73CD7D326F2369106B016576676760B
:10EFE800154634564CD96DC90EF92FE9C899E989E7
:10EFF8008AB9ABA94458654806782768C018E1085B
:10F008008238A3287DCB5CDB3FEB1EFBF98BD89BBA
:10F01800BBAB9ABB754A545A376A167AF10AD01AAA
:10F02800B32A923A2EFD0FED6CDD4DCDAABD8BAD06
:10F03800E89DC98D267C076C645C454CA23C832CFA
:10F04800E01CC10C1FEF3EFF5DCF7CDF9BAFBABF5A
:10F05800D98FF89F176E367E554E745E932EB23E4A
:10F06800D10EF01E0009121B242D363F48415A5379
:10F078006C657E7719100B023D342F265158434A90
:10F08800757C676E323B2029161F040D7A73686100
:10F098005E574C452B2239300F061D14636A717870
:10F0A800474E555C646D767F4049525B2C253E3750
:10F0B80008011A137D746F6659504B42353C272E50
:10F0C8001118030A565F444D727B60691E170C05C0
:10F0D8003A3328214F465D546B627970070E151C30
:10F0E800232A31384148535A656C777E09001B1230
:10F0F8002D243F3658514A437C756E671019020B10
:10F10800343D262F737A6168575E454C3B3229207F
:10F118001F160D046A6378714E475C55222B3039EF
:10F12800060F141D252C373E0108131A6D647F76CF
:10F1380049405B523C352E2718110A03747D666FCF
:10F148005059424B171E050C333A21285F564D443F
:10F158007B7269600E071C152A233831464F545DAF
:10F16800626B70794E6F20444D41206368616E6E0A
:10F17800656C732061726520617661696C61626C8F
:04F18800650000001E
:10F18C00E8E30010F4E3001000E400100CE40010BD
:10F19C0018E4001024E4001030E400108CE7001098
:10F1AC00F8B50D00040001F0FFF8FA2206000F007C
:10F1BC00002328000021920001F01EF936184F415F
:10F1CC00002F25DB00250BE02368BFF35F8F1D604C
:10F1DC0081F310883000390001F0D6F800281BD1DB
:10F1EC002268EFF3108172B61368002BFCD0BFF3CA
:10F1FC005F8F0422A35E002BE6DD013BA380236816
:10F20C00BFF35F8F00221A6081F310880120F8BDD4
:10F21C000126024F7642D5E70020F8E7FFFFFF7F7B
:10F22C0010B50268EFF3108172B61368002BFCD096
:10F23C00BFF35F8F0422835E0624025F9A420BDDCC
:10F24C00013383800368BFF35F8F00221A6081F360
:10F25C00108840BF012010BD0368BFF35F8F0022F0
:10F26C001A6081F310880020F5E7C0460268EFF3BE
:10F27C00108C72B61368002BFCD0BFF35F8F042286
:10F28C00835E81808B4208DA0368BFF35F8F0022B4
:10F29C001A608CF3108840BF70470368BFF35F8F10
:10F2AC0000221A608CF31088F6E7C046D02330B5E4
:10F2BC0000251B0600245D5706E00368BFF35F8F33
:10F2CC001C6081F3108820BF0268EFF3108172B6C6
:10F2DC001368002BFCD0BFF35F8F03797F2BECD925
:10F2EC0005710368BFF35F8F00221A6081F31088E9
:10F2FC0030BDC04603000068EFF3108C72B6026894
:10F30C00002AFCD0BFF35F8F04229A56002A0BDB35
:10F31C0000290FD000200A601B68BFF35F8F00220A
:10F32C001A608CF310887047D022120612680120E4
:10F33C001A71F1E70020EFE7F0B5C646150000B5ED
:10F34C0004001E000268EFF3108172B61368002BE4
:10F35C00FCD0BFF35F8F0423E356002B2DDB226818
:10F36C00BFF35F8F0020106081F31088D02212064B
:10F37C00127852B290469A4203D1002080BCB84613
:10F38C00F0BD00270BE02368BFF35F8F1F6081F394
:10F39C0010882800310000F0F7FF0028EDD122681A
:10F3AC00EFF3108172B61368002BFCD0BFF35F8FA4
:10F3BC0023797F2BE7D9434602E0D0231B061B6839
:10F3CC0023712368BFF35F8F00221A6081F31088CA
:10F3DC000120D3E7F0B5C64600B50D00040000F0DF
:10F3EC00E3FFFA2206000F00002328000021920000
:10F3FC0001F002F836184F41002F2CDBD0231B06EE
:10F40C001B68002598460BE02368BFF35F8F1D60D7
:10F41C0081F310883000390000F0B6FF002818D1B5
:10F42C002268EFF3108172B61368002BFCD0BFF387
:10F43C005F8F23797F2BE7D9434623712368BFF372
:10F44C005F8F00221A6081F31088012080BCB846BF
:10F45C00F0BD0020FAE70126014F7642CEE7C04608
:10F46C00FFFFFF7F0268EFF3108172B61368002B69
:10F47C00FCD0BFF35F8FFF2303710368BFF35F8F73
:10F48C0000221A6081F3108840BF704710B5084CF9
:10F49C002378002B0AD18023064807495B051A689C
:10F4AC00C25004338B42FAD10123237010BDC046E5
:10F4BC00962F0020CC2900100001001010B5024B33
:10F4CC000133984710BDC046CC290020074B5B6820
:10F4DC000360074B5A6842609A688260DA68C260BF
:10F4EC001A695B69026143617047C04600000240C3
:10F4FC00040002400268074B5A604268064B5A608F
:10F50C0082689A60C268DA6002691A6142695A615B
:10F51C007047C0460000024004000240034B1A68CA
:10F52C00C0239B009343024A136070470C80014038
:10F53C000C900140054B1A6880239B005340C0225D
:10F54C0092001340024A13607047C0460C80014081
:10F55C000C9001401423F0B5D6464F4646469A46C9
:10F56C00C0B581461888043386B098460E001B88B7
:10F57C002A491400984753460700188843462849DF
:10F58C001B889847534605001888434625491B8815
:10F59C0098478046FFF77AFF6846FFF797FFB84712
:10F5AC00A847FFF7C7FF002C1BD0C021220008275B
:10F5BC00022049053D008B6A1D4018420BD0002CDF
:10F5CC0009D0131B0D2B23D84B461B78013C0B6623
:10F5DC0001239C46E1442300002D10D11343002B42
:10F5EC00E8D1FFF79BFFC047FFF768FF6846FFF7BE
:10F5FC0081FF06B0E0BCBA46B146A846F0BD002A71
:10F60C00EDD00B6E013A3370130001362343E6E75D
:10F61C00002DCFD0002ACDD0F3E7C04649460000DC
:10F62C00455800004643000000231C4A10B5936067
:10F63C00D3601B4A00219360D3601A4A1A48936026
:10F64C00D3601A4A9360D360194A9360D360194A05
:10F65C009360D360184A9360D360184A9360D36068
:10F66C00174A9360D360174A9360D360164A93602D
:10F67C00D360164A9360D360154A9360D360154AE1
:10F68C009360D360144A9360D360F022920000F030
:10F69C00ABFE124B124A1A6010BDC046000010504F
:10F6AC0008001050100010507C2B00201800105037
:10F6BC00200010502800105030001050380010500E
:10F6CC00400010504800105050001050580010507E
:10F6DC00600010506800105070001050442F002033
:10F6EC0080011050F0B54F46D6464646C0B5204B6B
:10F6FC0084B09F6D002F23D01E4B00249A4601230B
:10F70C0099461D4B0126984604E001347600E4B27C
:10F71C00202C15D03E42F8D053469E654B466508CA
:10F72C006D00A343ED186D014544280000F038FC32
:10F73C0000280BD10134B743E4B27600002FE7D197
:10F74C0004B0E0BCBA46B146A846F0BDEB8AE02155
:10F75C000393002301A8AA78C9000180012102713A
:10F76C00437100F03DFC280000F0B6FBE2E7C04618
:10F77C0000001150003011503C2B00209823F0B5A4
:10F78C004646D6464F46CD4AC0B5D55880232C00A8
:10F79C009B02102684B01C401D4273D0C84BC94C30
:10F7AC009A6AC94B00261A603B23E35C022B00D1FA
:10F7BC00FEE07B23E35C022B00D11CE1BB23E35C6A
:10F7CC00022B00D105E1FB23E35C022B00D163E1AA
:10F7DC003C23FF33E35C022B00D148E17C23FF3355
:10F7EC00E35C022B00D12DE1BC23FF33E35C022B45
:10F7FC0000D112E1FC23FF33E35C022B00D10DE2BC
:10F80C00B24BE35C022B00D1F4E1B14BE35C022B75
:10F81C0000D1DBE1AF4BE35C022B00D1C2E1AE4B7C
:10F82C00E35C022B00D1A9E1AC4BE35C022B00D1D1
:10F83C0090E1AB4BE35C022B00D177E1A94BE35C8D
:10F84C00022B00D15CE1A84BE35C022B00D1FAE166
:10F85C00002E08D1A54B1B78002B04D18021A44A83
:10F86C0090338902D150C022944B01A89B6C92001A
:10F87C005B055B0D012180240280436000F0B0FB2E
:10F88C009C4EA402EB0600D586E080235B021D4251
:10F89C0037D01C430023984602339946964B894E29
:10F8AC009A46B37E002B17D04B4642469F1A00F067
:10F8BC00ABFD012800D973E0C02200213000920179
:10F8CC0000F010FB300000F007FB00F09DFD01285C
:10F8DC0002D9874B5F661F660123F37043462036BF
:10F8EC00012B23D1C02301A8DB00844A038002AB87
:10F8FC0042CA42C3012100F073FB80227C4B92026E
:10F90C001A6580235B011D4213D18023DB011D424C
:10F91C0026D180231B021D4231D1AC4200D0ACE178
:10F92C0004B0E0BCBA46B146A846F0BD01239846E7
:10F93C00B7E700261C43614B1E60FFF775FE802362
:10F94C006A465B0093801672012101A800F048FB07
:10F95C008022674B12031A658023DB011D42D8D02D
:10F96C001C43802301A8DB000380012100F038FB3D
:10F97C0010225F4B1A6580231B021D42CDD01C4305
:10F98C00A02301A8DB000380012100F029FB8022C9
:10F99C00574B12011A65C0E7FFF7A4FE340074E759
:10F9AC005346464A1F66536E3B40BB42FBD183E72E
:10F9BC003833E65C002E00D1FBE60233E25C002A11
:10F9CC0000D1F6E600222000E254203000F0B2FA1A
:10F9DC00EFE6B833E35C002B00D1F4E6BC22A15C6B
:10F9EC001E00002900D1EEE600232000A354A03015
:10F9FC0000F0A0FAE7E67833E35C002B00D1DDE6FB
:10FA0C007C22A15C1E00002900D1D7E60023200037
:10FA1C00A354603000F08EFAD0E6B933FF33E35CC8
:10FA2C00002B00D1E6E6DE225200A15C1E0000296C
:10FA3C0000D1DFE620000023A130A354FF3000F0FA
:10FA4C0079FAD7E67933FF33E35C002B00D1CBE6B0
:10FA5C00BE225200A15C1E00002900D1C4E6200089
:10FA6C0000236130A354FF3000F064FABCE6393354
:10FA7C00FF33E35C002B00D1B0E69E225200A15C68
:10FA8C001E00002900D1A9E6200000232130A35438
:10FA9C00FF3000F04FFAA1E6F833E35C002B00D105
:10FAAC0096E6FC22A15C1E00002900D190E6002302
:10FABC002000A354E03000F03DFA89E6000011501C
:10FACC00004005403C2B0020302B00203B02000066
:10FADC007B020000BB020000FB0200003B030000A5
:10FAEC007B030000BB030000FB030000942F0020ED
:10FAFC000030115010000200002011500000105076
:10FB0C00604BE35C002B00D19DE6EF239B00E25C95
:10FB1C00002A00D0A9E05C4BE35C022B00D0A2E6EB
:10FB2C005A4BE35C002B00D092E09CE6584BE35C14
:10FB3C00002B00D182E6DF229200A15C1E0000297E
:10FB4C0000D17BE60023A354D8239B00E01800F0DF
:10FB5C00F1F973E64F4BE35C002B00D169E6CF2241
:10FB6C009200A15C1E00002900D162E60023A35480
:10FB7C00C8239B00E01800F0DDF95AE6464BE35C25
:10FB8C00002B00D150E6BF229200A15C1E00002980
:10FB9C0000D149E60023A354B8239B00E01800F0E1
:10FBAC00C9F941E63D4BE35C002B00D137E6AF22AF
:10FBBC009200A15C1E00002900D130E60023A35462
:10FBCC00A8239B00E01800F0B5F928E6344BE35C61
:10FBDC00002B00D11EE69F229200A15C1E00002982
:10FBEC0000D117E60023A35498239B00E01800F0E3
:10FBFC00A1F90FE62B4BE35C002B00D105E68F221D
:10FC0C009200A15C1E00002900D1FEE50023A35444
:10FC1C0088239B00E01800F08DF9F6E5F933FF33EB
:10FC2C00E35C002B00D1EBE5FE225200A15C1E0030
:10FC3C00002900D1E4E520000023E130A354FF307B
:10FC4C0000F078F9DCE5114BE35C002B00D1FFE50B
:10FC5C00FF239B00E25C002A00D104E60022E25460
:10FC6C001C3BE01800F066F9FDE50022E254E823A5
:10FC7C009B00E01800F05EF94DE721000A4869404E
:10FC8C0000F08AFBBA030000FB030000FA0300003B
:10FC9C007A0300003A030000FA020000BA020000E6
:10FCAC007A0200003A02000044E80010F0B5D64693
:10FCBC004F4646460300C0B51C8B808A8A46221CE0
:10FCCC00844200D9021C802692B2801ADD7884B25C
:10FCDC00F6009C821643002D02D09026B6011643E6
:10FCEC0001277D40DD705D783000002D41D15146FB
:10FCFC008801D9681F698C46511E88468444002AA5
:10FD0C0032D0614602207C1C0C1BA042804108248E
:10FD1C004445A44140426442044238D060463843D2
:10FD2C00810734D1151FAD08691C894600200024B9
:10FD3C0061463D5801340D500430A145F8D8494670
:10FD4C008D0061464C1941467F19481BAA4209D0C7
:10FD5C003D782570002805D07D786570012801D08C
:10FD6C00B878A0701F699C8A8020BA1800021A61AA
:10FD7C003043002C02D18023DB0118435346002B67
:10FD8C0000D00004E0BCBA46B146A846F0BD002045
:10FD9C0061463C5C0C5401308242F9D1E2E7C0462A
:10FDAC0082680300F0B51068002900D0000C5A7866
:10FDBC008005800D002A08D1DA8A8218DA821A8B23
:10FDCC00824201D900229A82F0BDDA688901451E6F
:10FDDC00AC461C69561800282ED00131511825004C
:10FDEC000222611A8A428941354301322A40554226
:10FDFC006A4149420A4225D06246082A22D9002289
:10FE0C000021051FAD080135B7580131A750043248
:10FE1C008D42F9D86246AD0076196419571BA84279
:10FE2C0009D032782270002F05D072786270012FC1
:10FE3C0001D0B278A2701C69DA8A24188218DA828E
:10FE4C001C61BCE70022B15CA15401329042FAD192
:10FE5C001C69F1E710B50400836800211B68FFF7EB
:10FE6C009FFF63681B685B0002D5238B834200D025
:10FE7C0010BD01212000FFF793FFF9E7084A0300AA
:10FE8C00126C0020920703D49A78D209012A00D070
:10FE9C007047D87E023843425841C0B2F8E7C0469A
:10FEAC000000115010B5FFF7E9FF00280CD00749EE
:10FEBC00074B8C46074A9B6A126863449B1A0020C6
:10FECC00C6229A424041C0B210BDC046E0FCFFFFC2
:10FEDC0000400540302B00200023837643610361F2
:10FEEC007047C04610B58368002901D01C682140BA
:10FEFC00002A12D08024E400114322420DD01A684B
:10FF0C0022420CD1084A0A401A60084A126C920725
:10FF1C0003D40C23033BFDD28368196010BD817898
:10FF2C00034800F039FAC046FFFBFFFF00001150F8
:10FF3C0058E80010436870B5002180251E68040045
:10FF4C00FFF7B4FE134B6D011B6C05439B070FD5DC
:10FF5C00A3785B060FD0104B1E4080239B053343C8
:10FF6C0062680021136020002A00FFF7BBFF70BD00
:10FF7C00A378DB09EFD0A38A002BECD00121200061
:10FF8C00FFF794FEA023054ADB05324005431343DB
:10FF9C00E6E7C04600001150FFFFFFAFFFFFFFDF99
:10FFAC0070B5857E0400002D13D0FFF753FFA38A94
:10FFBC00002B01D1280070BD2000FFF773FF051E38
:10FFCC0003D0012300252377F4E72000FFF7B2FFCD
:10FFDC00F0E78178014800F0DFF9C04678E80010BE
:10FFEC00F0B5CE46474680B5437805000E0085B087
:04FFFC00062B12D8E6
:020000041001E9
:100000006F4A9B00D3589F4601216E4B1A788A4352
:100010001A701A7801318A431A7000225A701A78BD
:1000200002318A431A70684B1C686269EFF31081D1
:1000300072B61368002BFCD0BFF35F8FA161200064
:10004000290000F0CFF96269A369BFF35F8F002137
:10005000116083F31088002804D105B0C0BCB946F4
:10006000B046F0BD32006978287800F0ABF9F4E7CB
:10007000564A13780133DBB21370D4E75449554F15
:10008000894655490024002388463A780CE04146C9
:10009000096863018C466344002B0AD10134E4B241
:1000A000511C2300A14211DB9442F0D39B1A5B0147
:1000B0004B44DB69002BF1D06968287898473A787F
:1000C0000134E4B2511C2300A142EDDA3D4F3B78EC
:1000D0005B072AD504223B7801AC93430021200022
:1000E00008323B7000F086F92B782370052363708B
:1000F000354B1B6898465A69EFF3108172B6136846
:10010000002BFCD0BFF35F8F43464046996121002E
:1001100000F068F943465A699B69BFF35F8F00217D
:10012000116083F31088002844D1FB78DB0700D4EA
:1001300093E701AC0C220021200000F05BF92B7842
:100140002370032363706B6863601F4B1D686A69CB
:10015000EFF3108172B61368002BFCD0BFF35F8FF2
:10016000A9612800210000F03DF96A69AB69BFF37D
:100170005F8F0021116083F31088002800D16CE7A5
:1001800032006178207800F01DF966E70D4B1A788F
:10019000D20700D461E704211A780A431A7042E7B3
:1001A000084B1A78D20700D457E704211A788A43FB
:1001B0001A7038E732006178207800F003F9B4E76C
:1001C0002CE90010E42500203C260020952F00207B
:1001D00048E90010932F00203424002030B504009B
:1001E000101E0AD00A000D180221E3681942FCD043
:1001F00013780132A3609542F7D1E3685B0704D519
:100200000421A368E3681942FBD11021E368194275
:10021000FCD1E3685B0704D50421A368E3681942B5
:10022000FBD10123236230BD70B5002401260E4DA1
:1002300000F0A8F884420AD2200000F0CBF843690D
:100240000B2B05D0013400F09DF88442F4D370BD2F
:100250003300016A2A688B401342F3D02B6034309C
:10026000FEF7E4FF0134EEE70C04005070B5002403
:1002700001260E4D00F086F884420AD2200000F0DC
:10028000A9F843690C2B05D0013400F07BF88442B7
:10029000F4D370BD3300016A2A688B401342F3D057
:1002A0002B603430FEF7C2FF0134EEE71C0400502F
:1002B000F0B5C646040000B500294ED01027406AAC
:1002C00007436762002A4FD02025A06A0543E069F2
:1002D000266880018046A020C005844640466044D0
:1002E000A5620160216A0836890161444660836025
:1002F00007610E604A608B600D6125003435002176
:100300002800FEF7B9FF01231A00E16928008A409E
:10031000216A8B40A02113438622C905D2008B504D
:10032000FA218900FEF742FF002813D0E3698021FB
:100330009A01104B49049C46624413680B42FCD15D
:100340000C4B80219C46226A490492016244136846
:100350000B42FCD180BCB846F0BD1021476A8F43E8
:1003600067620549002AAFD12022A56A9543034A56
:10037000ADE7C0461000005051EE0010F516002009
:100380007047C04601B40248844601BC604700BFC4
:10039000F503001001B40248844601BC604700BF69
:1003A000F511001001B40248844601BC604700BF4B
:1003B000F504001001B40248844601BC604700BF48
:1003C0001513001001B40248844601BC604700BF09
:1003D000B54C001001B40248844601BC604700BF20
:1003E000F903001001B40248844601BC604700BF15
:1003F0003D67001001B40248844601BC604700BF5D
:100400008527001001B40248844601BC604700BF44
:100410008526001001B40248844601BC604700BF35
:10042000E9040010BCE10010F015002011000000EC
:1004300000000000000000000000000000000000BC
:1004400000000000000000000000000000000000AC
:10045000000000000000000000000000000000009C
:10046000000000000000000000000000000000008C
:10047000000000000000000000000000000000007C
:10048000000000000000000000000000000000006C
:10049000000000000000000000000000000000005C
:1004A000000000000000000000000000000000004C
:1004B000000000000000000000000000000000003C
:1004C000000000000000000000000000000000002C
:1004D000000000000000000000000000000000001C
:1004E000000000000000000000000000000000000C
:1004F00000000000000000000000000000000000FC
:1005000000000000000000000000000000000000EB
:1005100000000000000000000000000000000000DB
:1005200000000000000000000000000000000000CB
:1005300000000000000000000000000000000000BB
:1005400000000000000000000000000000000000AB
:10055000000000000000000000000000000000009B
:10056000000000000000000000000000000000008B
:10057000000000000000000000000000000000007B
:10058000000000000000000000000000000000006B
:10059000000000000000000000000000000000005B
:1005A000000000000000000000000000000000004B
:1005B000000000000000000000000000000000003B
:1005C000000000000000000000000000000000002B
:1005D000000000000000000000000000000000001B
:1005E000000000000000000000000000000000000B
:1005F00000000000000000000000000000000000FB
:1006000000000000000000000000000000000000EA
:1006100000000000000000000000000000000000DA
:1006200000000000000000000000000000000000CA
:1006300000000000000000000000000000000000BA
:1006400000000000000000000000000000000000AA
:10065000000000000000000000000000000000009A
:10066000000000000000000000000000000000008A
:10067000000000000000000000000000000000007A
:10068000000000000000000000000000000000006A
:10069000000000000000000000000000000000005A
:1006A000000000000000000000000000000000004A
:1006B000000000000000000000000000000000003A
:1006C000000000000000000000000000000000002A
:1006D00000000000000000000000000000C0034017
:1006E000100000001300000012000000801A060035
:1006F00000000000000000000000000000000000FA
:1007000000000000000000000000000000000000E9
:1007100000000000000000000000000000000000D9
:1007200010000000000000000000010000000000B8
:1007300000000000000002000000000000000000B7
:100740000000030000000000000000000000FF00A7
:100750000000000001B5486801318E460047704630
:1007600009380149884701BD29090010000000002F
:100770000000000000000000000000000000000079
:10078000501F002000000000000000005033000057
:100790004C33000054330000523300004D5300002E
:1007A0004D430000533400004334000069440010FE
:1007B000194400108943001001430010000000009C
:1007C000000100004026002010000C000000000086
:1007D0000000000000000000000000000000000019
:1007E000FFA501000017002000000000000000002D
:1007F000EC190020541A0020BC1A00200000000050
:1008000000000000000000000000000000000000E8
:1008100000000000000000000000000000000000D8
:1008200000000000000000000000000000000000C8
:1008300000000000000000000000000000000000B8
:1008400000000000000000000000000000000000A8
:100850000000000000000000000000000000000098
:100860000000000000000000000000000000000088
:100870000000000000000000000000000000000078
:100880000000000000000000000000000000000068
:100890000000000001000000000000000E33CDAB9E
:1008A00034126DE6ECDE05000B00000000000000D5
:1008B0000000000000000000000000000000000038
:1008C0000000000000000000000000000000000028
:1008D0000000000000000000000000000000000018
:1008E0000000000000000000000000000000000008
:1008F00000000000000000000000000000000000F8
:1009000000000000000000000000000000000000E7
:1009100000000000000000000000000000000000D7
:1009200000000000000000000000000000000000C7
:1009300000000000000000000000000000000000B7
:1009400000000000000000000000000000000000A7
:100950000000000000000000000000000000000097
:100960000000000000000000000000000000000087
:100970000000000000000000000000000000000077
:100980000000000000000000000000000000000067
:100990000000000000000000000000000000000057
:1009A0000000000000000000000000000000000047
:1009B0000000000000000000000000000000000037
:1009C0000000000000000000000000000000000027
:1009D0000000000000000000000000000000000017
:1009E0000000000000000000000000000000000007
:1009F00000000000000000000000000000000000F7
:100A000000000000000000000000000000000000E6
:100A100000000000000000000000000000000000D6
:100A200000000000000000000000000000000000C6
:100A300000000000000000000000000000000000B6
:100A400000000000000000000000000000000000A6
:100A50000000000000000000000000000000000096
:100A60000000000000000000000000000000000086
:100A70000000000000000000000000000000000076
:100A80000000000000000000000000000000000066
:100A90000000000000000000000000000000000056
:100AA0000000000000000000000000000000000046
:100AB0000000000000000000000000000000000036
:100AC0000000000000000000000000000000000026
:100AD0000000000000000000000000000000000016
:100AE0000000000000000000000000000000000006
:100AF00000000000000000000000000000000000F6
:100B000000000000000000000000000000000000E5
:100B100000000000000000000000000000000000D5
:100B200000000000000000000000000000000000C5
:100B300000000000000000000000000000000000B5
:100B400000000000000000000000000000000000A5
:100B50000000000000000000000000000000000095
:100B60000000000000000000000000000000000085
:100B70000000000000000000000000000000000075
:100B80000000000000000000000000000000000065
:100B90000000000000000000000000000000000055
:100BA0000000000000000000000000000000000045
:100BB0000000000000000000000000000000000035
:100BC0000000000000000000000000000000000025
:100BD0000000000000000000000000000000000015
:100BE0000000000000000000000000000000000005
:100BF00000000000000000000000000000000000F5
:100C000000000000000000000000000000000000E4
:100C100000000000FFFFFFFF0000020000000000D6
:100C200000000000301B0020301B0020381B00207B
:100C3000381B0020401B0020401B0020481B0020C8
:100C4000481B0020501B0020501B0020581B002078
:100C5000581B0020601B0020601B0020681B002028
:100C6000681B0020701B0020701B0020781B0020D8
:100C7000781B0020801B0020801B0020881B002088
:100C8000881B0020901B0020901B0020981B002038
:100C9000981B0020A01B0020A01B0020A81B0020E8
:100CA000A81B0020B01B0020B01B0020B81B002098
:100CB000B81B0020C01B0020C01B0020C81B002048
:100CC000C81B0020D01B0020D01B0020D81B0020F8
:100CD000D81B0020E01B0020E01B0020E81B0020A8
:100CE000E81B0020F01B0020F01B0020F81B002058
:100CF000F81B0020001C0020001C0020081C002005
:100D0000081C0020101C0020101C0020181C0020B3
:100D1000181C0020201C0020201C0020281C002063
:100D2000281C0020301C0020301C0020381C002013
:100D3000381C0020401C0020401C0020481C0020C3
:100D4000481C0020501C0020501C0020581C002073
:100D5000581C0020601C0020601C0020681C002023
:100D6000681C0020701C0020701C0020781C0020D3
:100D7000781C0020801C0020801C0020881C002083
:100D8000881C0020901C0020901C0020981C002033
:100D9000981C0020A01C0020A01C0020A81C0020E3
:100DA000A81C0020B01C0020B01C0020B81C002093
:100DB000B81C0020C01C0020C01C0020C81C002043
:100DC000C81C0020D01C0020D01C0020D81C0020F3
:100DD000D81C0020E01C0020E01C0020E81C0020A3
:100DE000E81C0020F01C0020F01C0020F81C002053
:100DF000F81C0020001D0020001D0020081D002000
:100E0000081D0020101D0020101D0020181D0020AE
:100E1000181D0020201D0020201D0020281D00205E
:100E2000281D0020301D0020301D0020381D00200E
:100E3000381D0020401D0020401D0020481D0020BE
:100E4000481D0020501D0020501D0020581D00206E
:100E5000581D0020601D0020601D0020681D00201E
:100E6000681D0020701D0020701D0020781D0020CE
:100E7000781D0020801D0020801D0020881D00207E
:100E8000881D0020901D0020901D0020981D00202E
:100E9000981D0020A01D0020A01D0020A81D0020DE
:100EA000A81D0020B01D0020B01D0020B81D00208E
:100EB000B81D0020C01D0020C01D0020C81D00203E
:100EC000C81D0020D01D0020D01D0020D81D0020EE
:100ED000D81D0020E01D0020E01D0020E81D00209E
:100EE000E81D0020F01D0020F01D0020F81D00204E
:100EF000F81D0020001E0020001E0020081E0020FB
:100F0000081E0020101E0020101E0020181E0020A9
:100F1000181E0020201E0020201E0020281E002059
:100F2000281E0020301E0020301E0020381E002009
:100F3000381E0020401E0020401E0020481E0020B9
:100F4000481E0020501E0020501E0020581E002069
:100F5000581E0020601E0020601E0020681E002019
:100F6000681E0020701E0020701E0020781E0020C9
:100F7000781E0020801E0020801E0020881E002079
:100F8000881E0020901E0020901E0020981E002029
:100F9000981E0020A01E0020A01E0020A81E0020D9
:100FA000A81E0020B01E0020B01E0020B81E002089
:100FB000B81E0020C01E0020C01E0020C81E002039
:100FC000C81E0020D01E0020D01E0020D81E0020E9
:100FD000D81E0020E01E0020E01E0020E81E002099
:100FE000E81E0020F01E0020F01E0020F81E002049
:100FF000F81E0020001F0020001F0020081F0020F6
:10100000081F0020101F0020101F0020181F0020A4
:10101000181F0020201F0020201F0020281F002054
:10102000281F002000000000000000000000000059
:0C103000000000000000000000000000B4
:04000005100001E9FD
:00000001FF
